Date,Time,date_time,visibility,sea_level_pressure,relative_humidity,wind_speed,Unnamed: 7,air_temp,wind_direction
01/01/19,12:00AM,01/01/19-12:00AM,9.1,1016.5,64.9,12.5,,24.7,309
01/01/19,01:00AM,01/01/19-01:00AM,8.4,1013.4,65.7,14.4,,21.4,316
01/01/19,02:00AM,01/01/19-02:00AM,10.0,1012.6,69.3,5.4,,21.3,320
01/01/19,03:00AM,01/01/19-03:00AM,8.6,1014.3,69.6,5.0,,20.6,348
01/01/19,04:00AM,01/01/19-04:00AM,9.7,1012.0,67.0,5.2,,21.0,356
01/01/19,05:00AM,01/01/19-05:00AM,7.7,1011.1,61.3,5.0,,20.3,359
01/01/19,06:00AM,01/01/19-06:00AM,9.7,1012.1,69.9,3.8,,20.4,350
01/01/19,07:00AM,01/01/19-07:00AM,8.8,1011.2,64.3,7.8,,23.2,324
01/01/19,08:00AM,01/01/19-08:00AM,10.0,1011.5,74.4,8.3,,21.3,6
01/01/19,09:00AM,01/01/19-09:00AM,10.0,1013.2,59.8,8.4,,25.9,283
01/01/19,10:00AM,01/01/19-10:00AM,8.9,1015.0,64.7,8.8,,26.9,296
01/01/19,11:00AM,01/01/19-11:00AM,10.0,1015.1,61.5,7.7,,26.8,343
01/01/19,12:00PM,01/01/19-12:00PM,8.7,1014.2,63.5,15.2,,28.8,262
01/01/19,01:00PM,01/01/19-01:00PM,8.6,1014.6,58.9,11.6,,28.4,333
01/01/19,02:00PM,01/01/19-02:00PM,9.4,1013.8,63.6,13.6,,28.7,320
01/01/19,03:00PM,01/01/19-03:00PM,9.3,1012.0,61.0,12.3,,31.1,309
01/01/19,04:00PM,01/01/19-04:00PM,8.9,1011.7,55.7,16.7,,30.1,299
01/01/19,05:00PM,01/01/19-05:00PM,8.1,1012.3,57.6,16.1,,31.7,304
01/01/19,06:00PM,01/01/19-06:00PM,8.3,1012.8,58.6,21.5,,31.7,312
01/01/19,07:00PM,01/01/19-07:00PM,7.7,1012.8,63.6,14.3,,28.3,352
01/01/19,08:00PM,01/01/19-08:00PM,9.3,1012.7,64.4,12.7,,26.7,340
01/01/19,09:00PM,01/01/19-09:00PM,9.2,1013.4,66.2,18.3,,27.0,306
01/01/19,10:00PM,01/01/19-10:00PM,8.4,1013.0,62.3,13.0,,21.7,321
01/01/19,11:00PM,01/01/19-11:00PM,9.3,1015.1,64.7,9.4,,21.1,337
01/02/19,12:00AM,01/02/19-12:00AM,8.8,1014.8,66.0,12.6,,21.3,298
01/02/19,01:00AM,01/02/19-01:00AM,8.6,1014.0,66.4,14.5,,21.1,317
01/02/19,02:00AM,01/02/19-02:00AM,9.4,1013.3,68.7,9.4,,20.4,1
01/02/19,03:00AM,01/02/19-03:00AM,9.8,1012.5,72.4,7.4,,20.2,332
01/02/19,04:00AM,01/02/19-04:00AM,9.2,1012.0,69.1,11.6,,21.1,297
01/02/19,05:00AM,01/02/19-05:00AM,9.8,1012.3,72.9,3.7,,20.8,317
01/02/19,06:00AM,01/02/19-06:00AM,8.2,1012.6,67.7,7.7,,22.2,294
01/02/19,07:00AM,01/02/19-07:00AM,9.1,1011.8,61.2,10.3,,22.9,307
01/02/19,08:00AM,01/02/19-08:00AM,10.0,1012.1,67.6,10.3,,23.1,241
01/02/19,09:00AM,01/02/19-09:00AM,9.4,1014.0,62.3,12.2,,24.1,285
01/02/19,10:00AM,01/02/19-10:00AM,9.2,1014.2,57.4,6.0,,25.2,312
01/02/19,11:00AM,01/02/19-11:00AM,10.0,1013.1,65.5,15.8,,28.1,279
01/02/19,12:00PM,01/02/19-12:00PM,8.1,1014.5,61.1,11.8,,28.4,278
01/02/19,01:00PM,01/02/19-01:00PM,10.0,1016.2,54.2,15.9,,31.6,282
01/02/19,02:00PM,01/02/19-02:00PM,8.8,1013.5,55.8,15.7,,30.1,307
01/02/19,03:00PM,01/02/19-03:00PM,8.9,1012.4,61.5,15.5,,32.4,289
01/02/19,04:00PM,01/02/19-04:00PM,9.3,1012.8,56.8,14.0,,28.6,308
01/02/19,05:00PM,01/02/19-05:00PM,9.7,1012.3,63.0,24.6,,29.6,333
01/02/19,06:00PM,01/02/19-06:00PM,9.5,1009.9,63.9,13.3,,27.2,325
01/02/19,07:00PM,01/02/19-07:00PM,9.5,1011.1,61.4,14.8,,27.5,289
01/02/19,08:00PM,01/02/19-08:00PM,8.6,1010.9,64.6,19.6,,27.5,311
01/02/19,09:00PM,01/02/19-09:00PM,9.5,1013.8,64.2,10.6,,24.8,314
01/02/19,10:00PM,01/02/19-10:00PM,8.1,1012.5,65.8,10.0,,23.7,309
01/02/19,11:00PM,01/02/19-11:00PM,8.2,1013.8,74.8,8.9,,23.3,333
01/03/19,12:00AM,01/03/19-12:00AM,8.9,1015.1,65.1,14.8,,24.1,288
01/03/19,01:00AM,01/03/19-01:00AM,7.9,1014.2,69.4,15.0,,19.9,305
01/03/19,02:00AM,01/03/19-02:00AM,8.3,1014.1,71.3,6.5,,19.3,305
01/03/19,03:00AM,01/03/19-03:00AM,8.1,1013.0,73.3,3.6,,19.6,328
01/03/19,04:00AM,01/03/19-04:00AM,9.9,1012.1,68.8,2.0,,20.3,341
01/03/19,05:00AM,01/03/19-05:00AM,8.2,1010.8,70.6,2.2,,20.1,316
01/03/19,06:00AM,01/03/19-06:00AM,9.0,1011.2,69.3,2.0,,22.1,332
01/03/19,07:00AM,01/03/19-07:00AM,7.9,1011.7,65.4,2.8,,23.7,319
01/03/19,08:00AM,01/03/19-08:00AM,8.6,1012.9,66.1,11.2,,22.6,356
01/03/19,09:00AM,01/03/19-09:00AM,9.4,1011.4,64.5,6.1,,27.2,264
01/03/19,10:00AM,01/03/19-10:00AM,9.5,1014.8,62.4,16.0,,24.9,326
01/03/19,11:00AM,01/03/19-11:00AM,8.9,1014.8,62.3,7.7,,28.2,303
01/03/19,12:00PM,01/03/19-12:00PM,9.7,1013.7,53.1,9.8,,29.0,327
01/03/19,01:00PM,01/03/19-01:00PM,9.1,1015.6,66.0,20.0,,31.8,349
01/03/19,02:00PM,01/03/19-02:00PM,8.6,1013.7,59.8,20.1,,29.4,331
01/03/19,03:00PM,01/03/19-03:00PM,7.8,1012.0,58.9,16.2,,30.3,14
01/03/19,04:00PM,01/03/19-04:00PM,8.7,1011.4,62.0,17.1,,30.6,293
01/03/19,05:00PM,01/03/19-05:00PM,9.5,1012.1,58.6,16.1,,30.6,332
01/03/19,06:00PM,01/03/19-06:00PM,8.8,1011.5,63.8,19.1,,28.5,326
01/03/19,07:00PM,01/03/19-07:00PM,9.4,1011.8,59.8,17.5,,29.8,322
01/03/19,08:00PM,01/03/19-08:00PM,8.2,1011.4,67.2,17.8,,25.1,302
01/03/19,09:00PM,01/03/19-09:00PM,8.1,1012.2,68.2,13.4,,24.1,321
01/03/19,10:00PM,01/03/19-10:00PM,8.3,1013.4,65.1,17.5,,23.9,309
01/03/19,11:00PM,01/03/19-11:00PM,9.9,1014.1,65.4,15.5,,21.6,312
01/04/19,12:00AM,01/04/19-12:00AM,8.8,1015.4,64.2,10.0,,19.8,292
01/04/19,01:00AM,01/04/19-01:00AM,8.6,1014.5,64.9,6.1,,22.4,309
01/04/19,02:00AM,01/04/19-02:00AM,8.7,1014.2,68.5,10.7,,21.3,355
01/04/19,03:00AM,01/04/19-03:00AM,9.1,1011.7,61.0,10.0,,17.4,307
01/04/19,04:00AM,01/04/19-04:00AM,9.5,1012.3,70.2,9.7,,21.4,318
01/04/19,05:00AM,01/04/19-05:00AM,9.8,1011.6,71.3,8.8,,22.1,344
01/04/19,06:00AM,01/04/19-06:00AM,8.1,1012.6,67.4,6.7,,20.2,316
01/04/19,07:00AM,01/04/19-07:00AM,9.6,1011.0,67.0,2.9,,24.1,295
01/04/19,08:00AM,01/04/19-08:00AM,9.5,1012.4,64.2,7.2,,21.9,286
01/04/19,09:00AM,01/04/19-09:00AM,8.7,1013.1,57.7,2.0,,24.4,323
01/04/19,10:00AM,01/04/19-10:00AM,8.8,1014.6,66.9,10.4,,26.1,270
01/04/19,11:00AM,01/04/19-11:00AM,9.5,1015.7,59.1,12.6,,28.1,311
01/04/19,12:00PM,01/04/19-12:00PM,9.0,1014.6,56.8,10.8,,29.0,303
01/04/19,01:00PM,01/04/19-01:00PM,7.9,1014.5,63.2,12.0,,29.6,293
01/04/19,02:00PM,01/04/19-02:00PM,10.0,1013.4,57.8,14.9,,28.8,296
01/04/19,03:00PM,01/04/19-03:00PM,8.9,1011.4,58.3,17.3,,31.9,4
01/04/19,04:00PM,01/04/19-04:00PM,10.0,1011.8,60.2,17.5,,30.6,294
01/04/19,05:00PM,01/04/19-05:00PM,9.0,1011.6,60.3,13.9,,28.7,295
01/04/19,06:00PM,01/04/19-06:00PM,8.2,1011.9,61.7,19.1,,27.9,315
01/04/19,07:00PM,01/04/19-07:00PM,8.4,1010.0,64.7,19.3,,29.2,299
01/04/19,08:00PM,01/04/19-08:00PM,8.3,1012.1,65.2,15.3,,27.1,301
01/04/19,09:00PM,01/04/19-09:00PM,8.4,1013.8,61.2,17.1,,23.9,273
01/04/19,10:00PM,01/04/19-10:00PM,9.0,1013.7,62.0,16.1,,23.2,320
01/04/19,11:00PM,01/04/19-11:00PM,8.8,1013.8,62.8,12.8,,23.7,281
01/05/19,12:00AM,01/05/19-12:00AM,9.6,1015.3,60.2,15.2,,19.1,323
01/05/19,01:00AM,01/05/19-01:00AM,9.1,1014.9,65.7,16.0,,19.6,254
01/05/19,02:00AM,01/05/19-02:00AM,9.1,1012.6,63.4,8.6,,21.0,312
01/05/19,03:00AM,01/05/19-03:00AM,8.2,1011.5,68.4,7.5,,18.5,343
01/05/19,04:00AM,01/05/19-04:00AM,9.2,1012.1,66.5,6.8,,22.1,301
01/05/19,05:00AM,01/05/19-05:00AM,9.4,1012.4,71.3,10.0,,19.3,321
01/05/19,06:00AM,01/05/19-06:00AM,8.6,1010.9,66.0,9.7,,19.8,293
01/05/19,07:00AM,01/05/19-07:00AM,9.6,1012.2,66.3,3.6,,20.9,326
01/05/19,08:00AM,01/05/19-08:00AM,8.0,1012.6,63.9,3.1,,23.8,332
01/05/19,09:00AM,01/05/19-09:00AM,8.6,1011.9,58.5,5.8,,24.5,327
01/05/19,10:00AM,01/05/19-10:00AM,8.3,1013.8,59.9,4.0,,25.4,256
01/05/19,11:00AM,01/05/19-11:00AM,10.0,1013.3,58.5,7.1,,27.6,299
01/05/19,12:00PM,01/05/19-12:00PM,8.2,1014.1,60.4,13.1,,27.6,348
01/05/19,01:00PM,01/05/19-01:00PM,8.9,1014.9,59.6,13.3,,29.6,324
01/05/19,02:00PM,01/05/19-02:00PM,8.3,1016.1,63.2,14.7,,30.6,331
01/05/19,03:00PM,01/05/19-03:00PM,8.6,1013.3,57.6,20.5,,30.4,289
01/05/19,04:00PM,01/05/19-04:00PM,8.3,1009.9,57.2,14.5,,28.5,358
01/05/19,05:00PM,01/05/19-05:00PM,9.2,1011.9,61.5,19.0,,30.4,283
01/05/19,06:00PM,01/05/19-06:00PM,8.8,1011.7,55.8,17.1,,28.7,282
01/05/19,07:00PM,01/05/19-07:00PM,9.4,1011.8,68.8,20.2,,28.5,316
01/05/19,08:00PM,01/05/19-08:00PM,8.3,1011.5,68.4,19.6,,27.5,315
01/05/19,09:00PM,01/05/19-09:00PM,9.7,1013.4,67.4,13.3,,24.5,298
01/05/19,10:00PM,01/05/19-10:00PM,10.0,1012.8,61.0,18.7,,24.6,331
01/05/19,11:00PM,01/05/19-11:00PM,8.0,1012.9,67.6,15.8,,21.6,322
01/06/19,12:00AM,01/06/19-12:00AM,8.7,1013.9,67.0,7.0,,22.2,304
01/06/19,01:00AM,01/06/19-01:00AM,9.1,1014.2,62.1,4.7,,18.7,261
01/06/19,02:00AM,01/06/19-02:00AM,7.8,1013.6,70.2,9.0,,21.0,338
01/06/19,03:00AM,01/06/19-03:00AM,9.0,1014.1,65.7,7.6,,20.0,284
01/06/19,04:00AM,01/06/19-04:00AM,9.5,1013.1,65.1,6.9,,18.2,281
01/06/19,05:00AM,01/06/19-05:00AM,8.6,1011.2,66.7,4.4,,21.1,345
01/06/19,06:00AM,01/06/19-06:00AM,7.6,1012.1,69.8,2.7,,20.8,303
01/06/19,07:00AM,01/06/19-07:00AM,10.0,1011.1,67.2,3.0,,25.0,299
01/06/19,08:00AM,01/06/19-08:00AM,9.8,1013.3,68.7,5.4,,23.9,298
01/06/19,09:00AM,01/06/19-09:00AM,8.8,1012.3,56.6,7.1,,27.8,346
01/06/19,10:00AM,01/06/19-10:00AM,8.0,1015.4,61.2,11.8,,27.2,317
01/06/19,11:00AM,01/06/19-11:00AM,8.7,1015.1,61.5,13.9,,26.5,308
01/06/19,12:00PM,01/06/19-12:00PM,9.1,1014.8,58.6,13.4,,28.9,272
01/06/19,01:00PM,01/06/19-01:00PM,9.5,1014.1,59.0,13.9,,29.6,295
01/06/19,02:00PM,01/06/19-02:00PM,10.0,1013.6,56.0,17.9,,30.9,309
01/06/19,03:00PM,01/06/19-03:00PM,8.9,1012.9,64.5,14.7,,28.1,343
01/06/19,04:00PM,01/06/19-04:00PM,6.9,1012.6,62.6,13.1,,29.5,288
01/06/19,05:00PM,01/06/19-05:00PM,8.2,1011.3,62.9,15.1,,28.6,320
01/06/19,06:00PM,01/06/19-06:00PM,9.0,1010.9,57.7,22.4,,28.8,330
01/06/19,07:00PM,01/06/19-07:00PM,8.1,1012.8,61.8,17.7,,27.7,265
01/06/19,08:00PM,01/06/19-08:00PM,9.3,1012.2,62.6,14.3,,26.7,309
01/06/19,09:00PM,01/06/19-09:00PM,8.9,1011.4,59.4,14.5,,25.8,313
01/06/19,10:00PM,01/06/19-10:00PM,8.6,1012.5,64.2,14.0,,23.5,277
01/06/19,11:00PM,01/06/19-11:00PM,8.6,1015.0,63.2,12.4,,23.4,307
01/07/19,12:00AM,01/07/19-12:00AM,9.2,1014.2,63.3,3.9,,21.0,284
01/07/19,01:00AM,01/07/19-01:00AM,9.8,1014.6,64.4,10.2,,20.2,314
01/07/19,02:00AM,01/07/19-02:00AM,10.0,1013.7,65.9,6.9,,20.6,331
01/07/19,03:00AM,01/07/19-03:00AM,9.1,1013.7,69.9,13.2,,20.2,333
01/07/19,04:00AM,01/07/19-04:00AM,9.9,1012.3,72.5,10.0,,19.0,329
01/07/19,05:00AM,01/07/19-05:00AM,9.6,1012.2,68.7,10.1,,23.3,320
01/07/19,06:00AM,01/07/19-06:00AM,9.7,1010.3,77.5,6.3,,20.3,312
01/07/19,07:00AM,01/07/19-07:00AM,9.0,1011.7,61.5,2.8,,20.7,312
01/07/19,08:00AM,01/07/19-08:00AM,8.7,1011.7,61.8,3.1,,25.1,315
01/07/19,09:00AM,01/07/19-09:00AM,9.5,1011.8,65.5,2.0,,25.6,339
01/07/19,10:00AM,01/07/19-10:00AM,8.3,1013.5,67.9,13.6,,26.8,318
01/07/19,11:00AM,01/07/19-11:00AM,9.0,1015.2,56.0,8.7,,26.7,290
01/07/19,12:00PM,01/07/19-12:00PM,8.0,1015.2,63.3,10.4,,26.9,298
01/07/19,01:00PM,01/07/19-01:00PM,9.4,1014.8,57.4,16.4,,29.1,309
01/07/19,02:00PM,01/07/19-02:00PM,10.0,1013.1,59.2,17.0,,29.8,313
01/07/19,03:00PM,01/07/19-03:00PM,9.1,1013.2,58.0,10.1,,30.0,323
01/07/19,04:00PM,01/07/19-04:00PM,9.6,1011.4,58.4,19.3,,29.9,317
01/07/19,05:00PM,01/07/19-05:00PM,9.2,1011.2,56.9,18.8,,30.8,316
01/07/19,06:00PM,01/07/19-06:00PM,9.7,1013.1,69.4,20.6,,27.2,290
01/07/19,07:00PM,01/07/19-07:00PM,8.8,1010.8,62.3,20.0,,25.2,308
01/07/19,08:00PM,01/07/19-08:00PM,9.4,1012.5,61.1,16.7,,25.8,303
01/07/19,09:00PM,01/07/19-09:00PM,7.8,1011.5,53.2,20.7,,23.0,336
01/07/19,10:00PM,01/07/19-10:00PM,9.1,1012.8,68.0,18.9,,20.4,8
01/07/19,11:00PM,01/07/19-11:00PM,9.5,1013.9,67.1,15.7,,24.3,288
01/08/19,12:00AM,01/08/19-12:00AM,8.6,1014.2,60.5,16.3,,21.7,302
01/08/19,01:00AM,01/08/19-01:00AM,8.6,1014.5,65.6,8.7,,19.9,295
01/08/19,02:00AM,01/08/19-02:00AM,8.4,1013.0,67.3,3.9,,19.7,295
01/08/19,03:00AM,01/08/19-03:00AM,7.4,1013.4,70.2,8.6,,22.1,287
01/08/19,04:00AM,01/08/19-04:00AM,8.8,1011.7,60.0,10.7,,21.5,299
01/08/19,05:00AM,01/08/19-05:00AM,9.3,1012.2,66.6,6.0,,21.7,312
01/08/19,06:00AM,01/08/19-06:00AM,9.3,1010.0,67.1,2.7,,21.9,294
01/08/19,07:00AM,01/08/19-07:00AM,8.8,1011.4,59.6,6.8,,21.2,269
01/08/19,08:00AM,01/08/19-08:00AM,7.9,1012.8,66.3,5.1,,23.6,281
01/08/19,09:00AM,01/08/19-09:00AM,8.9,1012.9,63.8,4.6,,23.9,339
01/08/19,10:00AM,01/08/19-10:00AM,9.0,1012.6,57.6,8.5,,28.7,273
01/08/19,11:00AM,01/08/19-11:00AM,9.3,1015.4,60.8,10.3,,26.2,355
01/08/19,12:00PM,01/08/19-12:00PM,9.0,1014.0,59.7,17.3,,27.0,320
01/08/19,01:00PM,01/08/19-01:00PM,9.5,1015.2,59.8,11.1,,27.4,2
01/08/19,02:00PM,01/08/19-02:00PM,9.1,1014.7,58.0,11.0,,30.8,66
01/08/19,03:00PM,01/08/19-03:00PM,9.1,1013.4,62.1,15.4,,28.0,320
01/08/19,04:00PM,01/08/19-04:00PM,9.6,1012.5,52.4,14.7,,30.6,311
01/08/19,05:00PM,01/08/19-05:00PM,9.3,1011.3,58.9,18.3,,29.7,348
01/08/19,06:00PM,01/08/19-06:00PM,9.4,1012.1,63.5,20.1,,28.3,310
01/08/19,07:00PM,01/08/19-07:00PM,9.4,1010.5,63.7,22.6,,30.5,334
01/08/19,08:00PM,01/08/19-08:00PM,9.5,1011.4,62.6,21.6,,25.6,320
01/08/19,09:00PM,01/08/19-09:00PM,9.5,1012.0,62.0,19.8,,25.6,306
01/08/19,10:00PM,01/08/19-10:00PM,8.3,1013.2,64.1,11.9,,22.2,275
01/08/19,11:00PM,01/08/19-11:00PM,9.2,1015.5,61.5,15.0,,21.5,311
01/09/19,12:00AM,01/09/19-12:00AM,10.0,1013.3,69.9,10.1,,22.4,294
01/09/19,01:00AM,01/09/19-01:00AM,10.0,1013.1,68.6,13.0,,19.7,309
01/09/19,02:00AM,01/09/19-02:00AM,9.2,1014.1,65.2,12.4,,20.1,341
01/09/19,03:00AM,01/09/19-03:00AM,9.4,1013.1,69.2,8.9,,20.8,305
01/09/19,04:00AM,01/09/19-04:00AM,9.0,1011.3,61.2,13.3,,20.3,350
01/09/19,05:00AM,01/09/19-05:00AM,8.5,1011.1,63.5,8.2,,20.2,274
01/09/19,06:00AM,01/09/19-06:00AM,7.0,1011.1,70.8,6.3,,21.5,318
01/09/19,07:00AM,01/09/19-07:00AM,9.0,1012.0,70.7,10.2,,20.0,259
01/09/19,08:00AM,01/09/19-08:00AM,8.4,1012.0,62.4,7.0,,23.4,287
01/09/19,09:00AM,01/09/19-09:00AM,8.6,1014.1,61.8,8.4,,26.3,298
01/09/19,10:00AM,01/09/19-10:00AM,9.8,1014.1,60.2,7.1,,28.4,326
01/09/19,11:00AM,01/09/19-11:00AM,7.8,1014.4,60.6,11.4,,28.3,334
01/09/19,12:00PM,01/09/19-12:00PM,10.0,1013.9,60.4,10.1,,28.7,314
01/09/19,01:00PM,01/09/19-01:00PM,9.2,1013.0,61.3,9.9,,29.5,302
01/09/19,02:00PM,01/09/19-02:00PM,9.8,1013.4,63.7,17.8,,28.9,303
01/09/19,03:00PM,01/09/19-03:00PM,8.0,1011.0,59.0,17.6,,31.2,301
01/09/19,04:00PM,01/09/19-04:00PM,7.9,1011.7,60.5,15.9,,30.9,313
01/09/19,05:00PM,01/09/19-05:00PM,10.0,1013.0,56.2,22.2,,28.7,291
01/09/19,06:00PM,01/09/19-06:00PM,8.6,1012.4,54.6,18.1,,26.7,285
01/09/19,07:00PM,01/09/19-07:00PM,9.3,1012.1,67.6,20.6,,28.0,284
01/09/19,08:00PM,01/09/19-08:00PM,7.6,1012.1,65.6,16.9,,27.8,303
01/09/19,09:00PM,01/09/19-09:00PM,10.0,1013.8,61.7,19.6,,24.5,3
01/09/19,10:00PM,01/09/19-10:00PM,8.4,1014.1,64.3,8.7,,24.0,300
01/09/19,11:00PM,01/09/19-11:00PM,10.0,1013.5,65.2,8.9,,23.0,267
01/10/19,12:00AM,01/10/19-12:00AM,9.0,1015.2,73.9,8.0,,22.7,311
01/10/19,01:00AM,01/10/19-01:00AM,8.8,1014.4,64.9,13.4,,21.3,324
01/10/19,02:00AM,01/10/19-02:00AM,8.9,1013.3,70.0,5.6,,19.1,317
01/10/19,03:00AM,01/10/19-03:00AM,8.3,1012.9,66.5,8.7,,21.0,315
01/10/19,04:00AM,01/10/19-04:00AM,7.3,1012.2,71.0,3.8,,19.8,350
01/10/19,05:00AM,01/10/19-05:00AM,9.4,1011.3,74.7,8.8,,20.7,309
01/10/19,06:00AM,01/10/19-06:00AM,8.0,1011.2,68.9,5.7,,22.5,285
01/10/19,07:00AM,01/10/19-07:00AM,9.0,1011.2,59.8,9.5,,20.3,326
01/10/19,08:00AM,01/10/19-08:00AM,9.5,1011.6,62.5,12.9,,24.7,280
01/10/19,09:00AM,01/10/19-09:00AM,8.1,1013.3,65.6,14.7,,23.7,326
01/10/19,10:00AM,01/10/19-10:00AM,9.0,1014.0,66.2,12.2,,25.6,342
01/10/19,11:00AM,01/10/19-11:00AM,9.7,1014.7,60.9,8.8,,29.0,342
01/10/19,12:00PM,01/10/19-12:00PM,8.7,1012.9,58.3,12.0,,30.0,277
01/10/19,01:00PM,01/10/19-01:00PM,7.9,1013.9,54.7,16.4,,28.3,309
01/10/19,02:00PM,01/10/19-02:00PM,9.5,1015.5,54.6,14.4,,28.6,333
01/10/19,03:00PM,01/10/19-03:00PM,10.0,1012.3,66.9,15.4,,28.2,332
01/10/19,04:00PM,01/10/19-04:00PM,7.6,1012.3,58.4,18.0,,28.8,283
01/10/19,05:00PM,01/10/19-05:00PM,9.2,1011.5,58.3,17.8,,31.3,283
01/10/19,06:00PM,01/10/19-06:00PM,9.5,1011.9,59.1,22.1,,28.8,319
01/10/19,07:00PM,01/10/19-07:00PM,9.8,1011.9,65.1,11.7,,26.3,311
01/10/19,08:00PM,01/10/19-08:00PM,8.3,1011.0,59.5,20.9,,26.1,6
01/10/19,09:00PM,01/10/19-09:00PM,9.3,1013.5,68.5,14.4,,23.4,325
01/10/19,10:00PM,01/10/19-10:00PM,9.0,1014.9,73.9,20.1,,23.6,317
01/10/19,11:00PM,01/10/19-11:00PM,8.8,1013.8,68.0,16.2,,23.3,276
01/11/19,12:00AM,01/11/19-12:00AM,8.8,1014.8,59.0,8.5,,19.8,303
01/11/19,01:00AM,01/11/19-01:00AM,9.3,1015.3,63.7,9.5,,21.7,259
01/11/19,02:00AM,01/11/19-02:00AM,10.0,1014.9,68.4,13.0,,22.1,326
01/11/19,03:00AM,01/11/19-03:00AM,9.1,1013.9,72.4,11.2,,21.1,305
01/11/19,04:00AM,01/11/19-04:00AM,8.7,1011.9,66.0,6.5,,19.5,337
01/11/19,05:00AM,01/11/19-05:00AM,8.6,1012.6,68.7,4.2,,21.8,329
01/11/19,06:00AM,01/11/19-06:00AM,8.6,1011.1,70.3,6.9,,20.3,358
01/11/19,07:00AM,01/11/19-07:00AM,9.4,1011.4,62.0,8.1,,21.2,295
01/11/19,08:00AM,01/11/19-08:00AM,8.2,1012.2,64.0,2.0,,26.3,276
01/11/19,09:00AM,01/11/19-09:00AM,9.0,1013.7,63.9,11.5,,23.5,327
01/11/19,10:00AM,01/11/19-10:00AM,9.5,1013.6,56.1,6.0,,25.3,297
01/11/19,11:00AM,01/11/19-11:00AM,8.9,1013.8,55.8,11.5,,27.2,319
01/11/19,12:00PM,01/11/19-12:00PM,8.9,1014.2,62.7,12.3,,28.6,304
01/11/19,01:00PM,01/11/19-01:00PM,9.1,1013.6,66.6,16.4,,30.9,330
01/11/19,02:00PM,01/11/19-02:00PM,10.0,1012.8,63.4,9.6,,30.8,320
01/11/19,03:00PM,01/11/19-03:00PM,7.9,1013.2,58.3,20.1,,31.6,329
01/11/19,04:00PM,01/11/19-04:00PM,9.0,1012.4,61.6,16.5,,30.8,272
01/11/19,05:00PM,01/11/19-05:00PM,7.7,1010.6,60.7,18.5,,29.7,328
01/11/19,06:00PM,01/11/19-06:00PM,9.7,1011.4,63.3,18.8,,26.9,314
01/11/19,07:00PM,01/11/19-07:00PM,9.9,1011.1,63.6,14.3,,27.7,341
01/11/19,08:00PM,01/11/19-08:00PM,9.5,1011.2,58.3,16.8,,25.4,311
01/11/19,09:00PM,01/11/19-09:00PM,8.4,1012.7,57.6,15.1,,24.1,269
01/11/19,10:00PM,01/11/19-10:00PM,9.1,1014.3,67.4,12.6,,23.4,317
01/11/19,11:00PM,01/11/19-11:00PM,8.6,1014.4,69.4,17.9,,25.0,296
01/12/19,12:00AM,01/12/19-12:00AM,8.1,1016.9,65.0,13.4,,22.7,332
01/12/19,01:00AM,01/12/19-01:00AM,9.1,1014.0,66.7,16.5,,21.9,294
01/12/19,02:00AM,01/12/19-02:00AM,9.5,1014.2,69.7,8.0,,18.9,295
01/12/19,03:00AM,01/12/19-03:00AM,9.3,1013.3,69.3,8.7,,20.0,329
01/12/19,04:00AM,01/12/19-04:00AM,10.0,1010.3,64.9,8.6,,19.9,330
01/12/19,05:00AM,01/12/19-05:00AM,7.8,1013.3,68.9,2.1,,21.0,308
01/12/19,06:00AM,01/12/19-06:00AM,8.4,1012.4,66.2,7.1,,22.5,327
01/12/19,07:00AM,01/12/19-07:00AM,8.2,1010.7,62.6,4.7,,22.3,306
01/12/19,08:00AM,01/12/19-08:00AM,8.5,1011.2,64.0,2.0,,23.8,310
01/12/19,09:00AM,01/12/19-09:00AM,7.0,1012.6,64.8,8.2,,25.8,318
01/12/19,10:00AM,01/12/19-10:00AM,9.2,1013.2,65.4,8.5,,26.8,1
01/12/19,11:00AM,01/12/19-11:00AM,9.4,1014.4,65.0,14.7,,28.5,324
01/12/19,12:00PM,01/12/19-12:00PM,8.7,1015.3,58.2,7.7,,25.3,310
01/12/19,01:00PM,01/12/19-01:00PM,8.3,1014.5,60.3,14.7,,28.1,311
01/12/19,02:00PM,01/12/19-02:00PM,7.9,1013.4,57.5,12.3,,29.6,236
01/12/19,03:00PM,01/12/19-03:00PM,8.9,1012.6,63.2,15.2,,28.8,306
01/12/19,04:00PM,01/12/19-04:00PM,9.1,1012.0,61.8,17.9,,28.5,310
01/12/19,05:00PM,01/12/19-05:00PM,8.9,1012.1,60.8,19.8,,26.2,335
01/12/19,06:00PM,01/12/19-06:00PM,10.0,1010.9,57.1,21.6,,29.3,269
01/12/19,07:00PM,01/12/19-07:00PM,9.1,1011.0,66.9,21.3,,27.1,317
01/12/19,08:00PM,01/12/19-08:00PM,9.2,1011.9,60.4,14.8,,25.2,298
01/12/19,09:00PM,01/12/19-09:00PM,9.8,1013.8,61.2,17.0,,27.1,1
01/12/19,10:00PM,01/12/19-10:00PM,8.6,1013.1,65.3,9.5,,23.1,348
01/12/19,11:00PM,01/12/19-11:00PM,8.4,1012.3,68.4,17.0,,23.5,317
01/13/19,12:00AM,01/13/19-12:00AM,8.0,1013.0,67.9,10.2,,21.7,314
01/13/19,01:00AM,01/13/19-01:00AM,8.7,1014.5,65.0,9.4,,21.4,301
01/13/19,02:00AM,01/13/19-02:00AM,9.0,1013.4,65.6,7.4,,17.7,328
01/13/19,03:00AM,01/13/19-03:00AM,9.4,1013.9,68.8,8.8,,19.8,266
01/13/19,04:00AM,01/13/19-04:00AM,9.5,1010.6,68.9,3.0,,19.6,344
01/13/19,05:00AM,01/13/19-05:00AM,9.1,1012.1,67.3,7.7,,21.5,285
01/13/19,06:00AM,01/13/19-06:00AM,10.0,1011.2,64.2,3.5,,24.8,287
01/13/19,07:00AM,01/13/19-07:00AM,9.1,1012.2,63.5,4.1,,24.3,331
01/13/19,08:00AM,01/13/19-08:00AM,10.0,1012.0,61.5,6.3,,25.3,308
01/13/19,09:00AM,01/13/19-09:00AM,9.4,1014.3,68.2,7.9,,23.2,336
01/13/19,10:00AM,01/13/19-10:00AM,8.9,1013.7,59.0,6.5,,26.6,323
01/13/19,11:00AM,01/13/19-11:00AM,8.0,1015.7,64.0,7.8,,27.2,312
01/13/19,12:00PM,01/13/19-12:00PM,8.7,1015.4,59.9,10.0,,26.8,303
01/13/19,01:00PM,01/13/19-01:00PM,7.8,1013.7,54.8,16.7,,29.7,356
01/13/19,02:00PM,01/13/19-02:00PM,9.4,1013.8,64.0,12.4,,31.0,320
01/13/19,03:00PM,01/13/19-03:00PM,8.3,1012.2,56.9,16.5,,30.4,316
01/13/19,04:00PM,01/13/19-04:00PM,9.6,1013.4,61.7,20.4,,30.9,302
01/13/19,05:00PM,01/13/19-05:00PM,9.7,1011.2,59.9,16.3,,30.9,306
01/13/19,06:00PM,01/13/19-06:00PM,8.6,1011.3,63.4,17.0,,28.1,346
01/13/19,07:00PM,01/13/19-07:00PM,9.0,1012.9,58.7,19.0,,29.8,330
01/13/19,08:00PM,01/13/19-08:00PM,9.6,1011.2,64.0,14.3,,25.3,303
01/13/19,09:00PM,01/13/19-09:00PM,8.6,1011.3,69.1,15.4,,24.7,327
01/13/19,10:00PM,01/13/19-10:00PM,8.2,1012.2,63.0,19.3,,23.6,327
01/13/19,11:00PM,01/13/19-11:00PM,8.1,1015.7,73.1,11.5,,22.0,285
01/14/19,12:00AM,01/14/19-12:00AM,8.7,1015.5,68.8,11.5,,19.7,276
01/14/19,01:00AM,01/14/19-01:00AM,7.8,1014.1,58.8,8.4,,21.9,297
01/14/19,02:00AM,01/14/19-02:00AM,8.9,1012.3,69.8,8.5,,22.4,311
01/14/19,03:00AM,01/14/19-03:00AM,9.0,1013.8,66.3,4.1,,20.6,321
01/14/19,04:00AM,01/14/19-04:00AM,9.1,1011.4,70.8,10.9,,20.3,309
01/14/19,05:00AM,01/14/19-05:00AM,9.5,1012.1,71.9,9.1,,20.2,330
01/14/19,06:00AM,01/14/19-06:00AM,9.1,1010.4,68.4,5.2,,22.0,353
01/14/19,07:00AM,01/14/19-07:00AM,8.1,1013.1,61.9,3.8,,23.2,301
01/14/19,08:00AM,01/14/19-08:00AM,8.0,1012.4,63.0,9.6,,23.5,333
01/14/19,09:00AM,01/14/19-09:00AM,10.0,1014.3,68.8,3.8,,24.3,318
01/14/19,10:00AM,01/14/19-10:00AM,8.1,1013.6,60.9,6.5,,23.2,328
01/14/19,11:00AM,01/14/19-11:00AM,8.8,1013.5,62.9,12.9,,27.5,310
01/14/19,12:00PM,01/14/19-12:00PM,10.0,1015.0,60.3,9.0,,30.2,16
01/14/19,01:00PM,01/14/19-01:00PM,9.3,1014.7,52.4,17.8,,29.4,331
01/14/19,02:00PM,01/14/19-02:00PM,8.1,1014.8,56.0,11.7,,28.0,340
01/14/19,03:00PM,01/14/19-03:00PM,8.1,1012.4,63.0,13.8,,29.0,315
01/14/19,04:00PM,01/14/19-04:00PM,9.1,1012.5,59.6,12.0,,27.9,346
01/14/19,05:00PM,01/14/19-05:00PM,9.7,1010.8,64.4,14.4,,26.8,298
01/14/19,06:00PM,01/14/19-06:00PM,8.5,1009.2,54.5,15.3,,30.3,320
01/14/19,07:00PM,01/14/19-07:00PM,9.1,1009.7,61.3,19.5,,27.7,343
01/14/19,08:00PM,01/14/19-08:00PM,9.3,1013.5,68.5,17.4,,26.9,287
01/14/19,09:00PM,01/14/19-09:00PM,9.7,1011.0,68.5,13.3,,22.4,289
01/14/19,10:00PM,01/14/19-10:00PM,7.9,1013.9,66.4,12.0,,24.4,335
01/14/19,11:00PM,01/14/19-11:00PM,7.8,1014.2,69.1,14.2,,23.3,270
01/15/19,12:00AM,01/15/19-12:00AM,8.8,1014.3,74.3,10.6,,23.0,294
01/15/19,01:00AM,01/15/19-01:00AM,8.1,1014.5,66.9,6.8,,19.4,6
01/15/19,02:00AM,01/15/19-02:00AM,8.9,1013.8,70.1,9.5,,18.6,333
01/15/19,03:00AM,01/15/19-03:00AM,9.3,1012.4,64.5,5.0,,21.5,267
01/15/19,04:00AM,01/15/19-04:00AM,9.1,1012.4,68.5,9.3,,20.9,290
01/15/19,05:00AM,01/15/19-05:00AM,7.7,1012.2,64.4,9.0,,20.3,300
01/15/19,06:00AM,01/15/19-06:00AM,9.8,1011.0,68.3,4.7,,22.4,330
01/15/19,07:00AM,01/15/19-07:00AM,9.6,1011.1,65.1,8.3,,24.6,260
01/15/19,08:00AM,01/15/19-08:00AM,7.4,1012.0,72.0,6.3,,24.1,332
01/15/19,09:00AM,01/15/19-09:00AM,8.3,1012.5,60.7,3.1,,25.6,294
01/15/19,10:00AM,01/15/19-10:00AM,8.9,1012.7,68.9,3.7,,27.4,317
01/15/19,11:00AM,01/15/19-11:00AM,8.2,1012.8,60.0,13.5,,28.4,293
01/15/19,12:00PM,01/15/19-12:00PM,10.0,1014.3,60.7,13.1,,28.4,302
01/15/19,01:00PM,01/15/19-01:00PM,9.4,1013.8,63.4,13.7,,29.4,313
01/15/19,02:00PM,01/15/19-02:00PM,7.9,1014.9,53.0,13.6,,27.6,301
01/15/19,03:00PM,01/15/19-03:00PM,8.4,1012.5,66.1,15.2,,28.4,314
01/15/19,04:00PM,01/15/19-04:00PM,8.1,1011.4,52.7,11.6,,33.0,338
01/15/19,05:00PM,01/15/19-05:00PM,9.5,1011.6,63.4,15.2,,28.6,355
01/15/19,06:00PM,01/15/19-06:00PM,9.8,1012.6,61.6,18.3,,26.5,308
01/15/19,07:00PM,01/15/19-07:00PM,9.8,1010.6,63.2,19.2,,29.1,319
01/15/19,08:00PM,01/15/19-08:00PM,8.9,1013.1,65.8,19.6,,28.5,282
01/15/19,09:00PM,01/15/19-09:00PM,8.9,1013.6,64.5,13.6,,23.4,266
01/15/19,10:00PM,01/15/19-10:00PM,8.1,1014.5,67.7,15.7,,23.7,351
01/15/19,11:00PM,01/15/19-11:00PM,10.0,1013.9,68.7,16.1,,22.2,355
01/16/19,12:00AM,01/16/19-12:00AM,9.7,1014.1,71.1,16.4,,21.1,275
01/16/19,01:00AM,01/16/19-01:00AM,7.8,1013.3,69.9,15.2,,19.7,258
01/16/19,02:00AM,01/16/19-02:00AM,7.5,1014.2,72.3,10.3,,19.2,291
01/16/19,03:00AM,01/16/19-03:00AM,10.0,1012.3,65.9,2.8,,19.4,333
01/16/19,04:00AM,01/16/19-04:00AM,10.0,1012.0,65.3,4.4,,20.8,292
01/16/19,05:00AM,01/16/19-05:00AM,8.9,1011.0,64.1,3.8,,20.4,334
01/16/19,06:00AM,01/16/19-06:00AM,7.8,1011.6,63.6,18.5,,21.7,311
01/16/19,07:00AM,01/16/19-07:00AM,9.5,1011.9,63.0,8.5,,22.7,311
01/16/19,08:00AM,01/16/19-08:00AM,9.4,1012.8,64.0,8.5,,23.5,296
01/16/19,09:00AM,01/16/19-09:00AM,10.0,1013.5,55.4,5.5,,24.2,298
01/16/19,10:00AM,01/16/19-10:00AM,9.5,1014.5,58.4,10.7,,25.3,275
01/16/19,11:00AM,01/16/19-11:00AM,8.7,1013.8,62.2,17.0,,27.1,304
01/16/19,12:00PM,01/16/19-12:00PM,10.0,1015.3,63.6,16.6,,28.5,351
01/16/19,01:00PM,01/16/19-01:00PM,9.5,1013.8,57.5,7.9,,27.6,287
01/16/19,02:00PM,01/16/19-02:00PM,10.0,1014.3,57.6,15.8,,28.9,2
01/16/19,03:00PM,01/16/19-03:00PM,9.8,1014.1,59.2,15.5,,31.2,277
01/16/19,04:00PM,01/16/19-04:00PM,9.5,1013.2,60.5,20.7,,28.8,296
01/16/19,05:00PM,01/16/19-05:00PM,9.5,1011.4,61.1,20.1,,29.5,344
01/16/19,06:00PM,01/16/19-06:00PM,8.0,1010.6,60.9,8.6,,26.8,260
01/16/19,07:00PM,01/16/19-07:00PM,9.5,1011.7,65.5,14.9,,29.0,326
01/16/19,08:00PM,01/16/19-08:00PM,10.0,1013.6,60.4,13.0,,27.9,298
01/16/19,09:00PM,01/16/19-09:00PM,8.6,1012.5,64.6,21.0,,25.3,247
01/16/19,10:00PM,01/16/19-10:00PM,9.1,1013.6,68.3,16.8,,23.9,323
01/16/19,11:00PM,01/16/19-11:00PM,8.7,1014.7,71.8,9.5,,23.1,305
01/17/19,12:00AM,01/17/19-12:00AM,10.0,1015.2,74.1,8.6,,21.3,289
01/17/19,01:00AM,01/17/19-01:00AM,10.0,1014.0,68.4,10.8,,19.8,328
01/17/19,02:00AM,01/17/19-02:00AM,8.0,1014.4,63.9,8.0,,21.2,318
01/17/19,03:00AM,01/17/19-03:00AM,8.2,1012.8,78.5,7.8,,19.1,301
01/17/19,04:00AM,01/17/19-04:00AM,8.9,1013.3,57.4,6.4,,20.7,318
01/17/19,05:00AM,01/17/19-05:00AM,7.5,1012.7,70.2,6.8,,22.2,316
01/17/19,06:00AM,01/17/19-06:00AM,8.7,1011.9,68.5,5.4,,20.0,323
01/17/19,07:00AM,01/17/19-07:00AM,9.5,1011.4,69.8,2.0,,22.3,298
01/17/19,08:00AM,01/17/19-08:00AM,9.5,1012.1,65.4,5.2,,23.7,293
01/17/19,09:00AM,01/17/19-09:00AM,8.6,1013.9,65.8,4.8,,22.4,293
01/17/19,10:00AM,01/17/19-10:00AM,9.5,1013.4,65.7,8.6,,25.7,303
01/17/19,11:00AM,01/17/19-11:00AM,8.9,1014.8,62.9,11.1,,27.6,291
01/17/19,12:00PM,01/17/19-12:00PM,9.1,1013.8,62.5,5.6,,27.0,288
01/17/19,01:00PM,01/17/19-01:00PM,7.9,1013.3,60.0,9.8,,30.5,301
01/17/19,02:00PM,01/17/19-02:00PM,9.2,1012.8,62.5,12.5,,31.8,295
01/17/19,03:00PM,01/17/19-03:00PM,9.6,1013.7,63.2,17.8,,31.8,288
01/17/19,04:00PM,01/17/19-04:00PM,10.0,1011.6,61.2,17.3,,32.3,329
01/17/19,05:00PM,01/17/19-05:00PM,10.0,1011.8,54.8,14.8,,29.0,277
01/17/19,06:00PM,01/17/19-06:00PM,9.4,1011.1,58.2,15.8,,30.0,294
01/17/19,07:00PM,01/17/19-07:00PM,8.1,1012.0,63.0,17.6,,27.9,325
01/17/19,08:00PM,01/17/19-08:00PM,9.5,1013.0,60.1,17.1,,24.8,272
01/17/19,09:00PM,01/17/19-09:00PM,9.2,1012.5,72.6,15.0,,23.9,310
01/17/19,10:00PM,01/17/19-10:00PM,8.8,1013.7,65.7,11.4,,23.2,298
01/17/19,11:00PM,01/17/19-11:00PM,9.3,1013.8,70.1,11.9,,20.4,291
01/18/19,12:00AM,01/18/19-12:00AM,8.8,1014.8,69.2,11.1,,21.4,266
01/18/19,01:00AM,01/18/19-01:00AM,9.0,1013.9,68.4,8.8,,20.7,255
01/18/19,02:00AM,01/18/19-02:00AM,10.0,1012.6,66.6,15.6,,23.6,281
01/18/19,03:00AM,01/18/19-03:00AM,9.2,1014.2,68.1,9.4,,20.4,316
01/18/19,04:00AM,01/18/19-04:00AM,8.9,1012.6,67.7,7.1,,21.8,260
01/18/19,05:00AM,01/18/19-05:00AM,8.7,1012.0,66.9,5.3,,21.3,266
01/18/19,06:00AM,01/18/19-06:00AM,8.5,1010.9,73.3,13.3,,20.6,268
01/18/19,07:00AM,01/18/19-07:00AM,8.6,1011.5,59.9,7.0,,21.3,1
01/18/19,08:00AM,01/18/19-08:00AM,9.2,1012.1,56.4,10.5,,23.0,310
01/18/19,09:00AM,01/18/19-09:00AM,8.4,1012.2,59.7,7.5,,24.6,304
01/18/19,10:00AM,01/18/19-10:00AM,9.2,1014.3,57.5,10.4,,27.7,271
01/18/19,11:00AM,01/18/19-11:00AM,9.3,1014.5,64.6,16.9,,29.0,310
01/18/19,12:00PM,01/18/19-12:00PM,9.2,1015.3,56.7,12.3,,28.1,321
01/18/19,01:00PM,01/18/19-01:00PM,10.0,1014.8,61.0,15.4,,29.0,330
01/18/19,02:00PM,01/18/19-02:00PM,8.6,1014.0,62.8,14.2,,28.9,300
01/18/19,03:00PM,01/18/19-03:00PM,8.8,1011.7,62.2,16.8,,29.8,339
01/18/19,04:00PM,01/18/19-04:00PM,8.7,1011.0,64.3,20.8,,30.2,299
01/18/19,05:00PM,01/18/19-05:00PM,9.1,1011.1,60.6,18.9,,28.7,321
01/18/19,06:00PM,01/18/19-06:00PM,10.0,1013.0,62.2,20.3,,28.7,317
01/18/19,07:00PM,01/18/19-07:00PM,9.0,1011.4,64.4,15.8,,26.7,282
01/18/19,08:00PM,01/18/19-08:00PM,9.5,1012.2,59.5,16.2,,27.9,325
01/18/19,09:00PM,01/18/19-09:00PM,10.0,1014.5,62.5,11.4,,25.3,340
01/18/19,10:00PM,01/18/19-10:00PM,9.3,1013.5,61.2,13.1,,23.0,307
01/18/19,11:00PM,01/18/19-11:00PM,8.3,1014.4,62.5,12.7,,24.2,343
01/19/19,12:00AM,01/19/19-12:00AM,9.1,1014.8,67.1,12.3,,19.4,345
01/19/19,01:00AM,01/19/19-01:00AM,9.2,1014.2,72.7,6.9,,20.5,294
01/19/19,02:00AM,01/19/19-02:00AM,9.0,1014.3,73.0,2.6,,22.0,305
01/19/19,03:00AM,01/19/19-03:00AM,9.3,1012.5,65.1,4.5,,21.5,303
01/19/19,04:00AM,01/19/19-04:00AM,9.0,1014.4,72.6,4.6,,21.1,282
01/19/19,05:00AM,01/19/19-05:00AM,9.8,1011.2,60.3,9.1,,20.6,297
01/19/19,06:00AM,01/19/19-06:00AM,8.3,1011.1,67.0,2.2,,22.7,267
01/19/19,07:00AM,01/19/19-07:00AM,9.2,1012.2,69.6,9.4,,23.4,338
01/19/19,08:00AM,01/19/19-08:00AM,8.1,1012.8,60.9,10.9,,25.0,291
01/19/19,09:00AM,01/19/19-09:00AM,9.6,1012.2,68.0,7.0,,23.8,318
01/19/19,10:00AM,01/19/19-10:00AM,8.2,1014.1,65.0,5.6,,27.7,296
01/19/19,11:00AM,01/19/19-11:00AM,9.1,1014.0,59.3,5.8,,26.4,317
01/19/19,12:00PM,01/19/19-12:00PM,9.1,1014.6,57.9,15.0,,27.0,315
01/19/19,01:00PM,01/19/19-01:00PM,10.0,1014.2,65.2,16.1,,29.3,323
01/19/19,02:00PM,01/19/19-02:00PM,9.7,1013.2,61.4,16.5,,29.7,351
01/19/19,03:00PM,01/19/19-03:00PM,7.7,1013.2,65.1,12.2,,31.6,316
01/19/19,04:00PM,01/19/19-04:00PM,8.2,1012.1,62.5,16.6,,29.6,297
01/19/19,05:00PM,01/19/19-05:00PM,10.0,1011.3,66.7,18.3,,29.7,299
01/19/19,06:00PM,01/19/19-06:00PM,8.2,1010.6,58.2,15.7,,27.3,279
01/19/19,07:00PM,01/19/19-07:00PM,8.4,1012.2,62.1,19.6,,26.0,341
01/19/19,08:00PM,01/19/19-08:00PM,8.8,1012.4,60.1,18.0,,25.9,271
01/19/19,09:00PM,01/19/19-09:00PM,9.8,1012.2,66.9,17.9,,25.7,317
01/19/19,10:00PM,01/19/19-10:00PM,8.0,1014.0,71.0,15.5,,26.8,19
01/19/19,11:00PM,01/19/19-11:00PM,9.4,1013.7,63.6,12.5,,21.2,309
01/20/19,12:00AM,01/20/19-12:00AM,8.5,1015.4,65.9,11.4,,23.7,301
01/20/19,01:00AM,01/20/19-01:00AM,8.4,1014.9,68.6,12.3,,20.3,277
01/20/19,02:00AM,01/20/19-02:00AM,8.3,1013.3,62.1,15.2,,21.9,291
01/20/19,03:00AM,01/20/19-03:00AM,9.1,1013.0,69.2,7.0,,18.2,267
01/20/19,04:00AM,01/20/19-04:00AM,8.6,1012.7,67.5,6.8,,20.5,318
01/20/19,05:00AM,01/20/19-05:00AM,9.7,1011.1,71.0,6.7,,20.9,315
01/20/19,06:00AM,01/20/19-06:00AM,8.2,1011.4,69.5,7.8,,20.9,315
01/20/19,07:00AM,01/20/19-07:00AM,8.3,1012.0,62.0,11.2,,22.2,318
01/20/19,08:00AM,01/20/19-08:00AM,8.3,1012.9,70.6,10.5,,23.7,286
01/20/19,09:00AM,01/20/19-09:00AM,8.7,1014.1,67.0,12.3,,25.2,310
01/20/19,10:00AM,01/20/19-10:00AM,9.2,1014.3,66.7,12.3,,24.0,350
01/20/19,11:00AM,01/20/19-11:00AM,8.1,1014.7,71.4,8.6,,26.0,290
01/20/19,12:00PM,01/20/19-12:00PM,10.0,1016.1,62.6,14.8,,27.5,325
01/20/19,01:00PM,01/20/19-01:00PM,9.6,1013.4,63.0,12.7,,26.0,289
01/20/19,02:00PM,01/20/19-02:00PM,6.8,1011.5,63.5,11.8,,28.2,301
01/20/19,03:00PM,01/20/19-03:00PM,9.5,1012.8,60.1,10.1,,30.9,289
01/20/19,04:00PM,01/20/19-04:00PM,9.6,1012.4,57.5,11.1,,30.2,287
01/20/19,05:00PM,01/20/19-05:00PM,9.0,1010.5,61.3,13.4,,28.2,290
01/20/19,06:00PM,01/20/19-06:00PM,10.0,1011.6,59.9,15.1,,29.7,314
01/20/19,07:00PM,01/20/19-07:00PM,9.0,1011.1,61.6,17.4,,27.5,262
01/20/19,08:00PM,01/20/19-08:00PM,8.2,1012.6,65.8,20.8,,25.2,306
01/20/19,09:00PM,01/20/19-09:00PM,8.8,1012.0,64.9,19.1,,25.8,301
01/20/19,10:00PM,01/20/19-10:00PM,10.0,1013.6,64.1,14.0,,25.3,346
01/20/19,11:00PM,01/20/19-11:00PM,9.0,1014.3,65.1,15.3,,22.1,355
01/21/19,12:00AM,01/21/19-12:00AM,10.0,1015.4,70.8,12.4,,22.4,290
01/21/19,01:00AM,01/21/19-01:00AM,8.8,1014.9,66.9,12.0,,21.0,335
01/21/19,02:00AM,01/21/19-02:00AM,9.7,1013.0,65.2,8.7,,20.6,274
01/21/19,03:00AM,01/21/19-03:00AM,10.0,1011.7,63.6,14.5,,18.5,279
01/21/19,04:00AM,01/21/19-04:00AM,8.3,1011.7,67.0,7.8,,18.5,325
01/21/19,05:00AM,01/21/19-05:00AM,9.0,1010.7,68.1,9.9,,19.3,290
01/21/19,06:00AM,01/21/19-06:00AM,8.1,1012.0,70.0,7.3,,21.8,350
01/21/19,07:00AM,01/21/19-07:00AM,7.8,1011.3,71.2,10.3,,22.4,325
01/21/19,08:00AM,01/21/19-08:00AM,9.3,1012.3,62.8,9.0,,23.5,298
01/21/19,09:00AM,01/21/19-09:00AM,9.5,1013.4,67.6,8.3,,26.6,320
01/21/19,10:00AM,01/21/19-10:00AM,9.0,1012.5,69.9,12.2,,28.1,329
01/21/19,11:00AM,01/21/19-11:00AM,8.8,1013.4,63.5,11.9,,25.2,33
01/21/19,12:00PM,01/21/19-12:00PM,7.9,1014.5,58.4,12.1,,26.0,282
01/21/19,01:00PM,01/21/19-01:00PM,9.0,1013.4,59.7,16.0,,28.8,323
01/21/19,02:00PM,01/21/19-02:00PM,9.0,1013.5,63.0,15.7,,30.4,290
01/21/19,03:00PM,01/21/19-03:00PM,9.8,1013.3,54.3,19.0,,30.7,311
01/21/19,04:00PM,01/21/19-04:00PM,8.5,1013.2,62.4,22.1,,29.5,285
01/21/19,05:00PM,01/21/19-05:00PM,8.5,1011.3,60.8,16.7,,26.8,345
01/21/19,06:00PM,01/21/19-06:00PM,9.4,1011.8,58.2,13.0,,30.8,286
01/21/19,07:00PM,01/21/19-07:00PM,7.9,1013.2,67.0,18.6,,26.7,314
01/21/19,08:00PM,01/21/19-08:00PM,9.0,1011.7,60.4,14.7,,26.7,274
01/21/19,09:00PM,01/21/19-09:00PM,8.5,1012.6,71.1,20.1,,25.0,296
01/21/19,10:00PM,01/21/19-10:00PM,9.4,1013.8,65.4,16.6,,23.3,288
01/21/19,11:00PM,01/21/19-11:00PM,8.8,1014.2,67.0,11.0,,23.8,305
01/22/19,12:00AM,01/22/19-12:00AM,8.2,1014.7,61.6,8.5,,23.0,296
01/22/19,01:00AM,01/22/19-01:00AM,8.6,1013.9,63.1,11.1,,19.0,331
01/22/19,02:00AM,01/22/19-02:00AM,6.5,1014.8,60.9,6.6,,17.1,296
01/22/19,03:00AM,01/22/19-03:00AM,8.6,1012.9,66.6,7.9,,19.2,292
01/22/19,04:00AM,01/22/19-04:00AM,7.3,1011.7,72.5,3.0,,20.6,317
01/22/19,05:00AM,01/22/19-05:00AM,9.9,1011.8,65.2,12.2,,21.0,276
01/22/19,06:00AM,01/22/19-06:00AM,9.2,1011.6,67.8,7.4,,21.9,336
01/22/19,07:00AM,01/22/19-07:00AM,7.8,1010.9,68.7,8.3,,23.9,298
01/22/19,08:00AM,01/22/19-08:00AM,9.4,1012.5,61.7,11.5,,24.9,291
01/22/19,09:00AM,01/22/19-09:00AM,8.9,1012.1,66.3,6.5,,24.5,1
01/22/19,10:00AM,01/22/19-10:00AM,8.5,1013.3,64.0,16.2,,24.6,339
01/22/19,11:00AM,01/22/19-11:00AM,8.3,1013.2,64.8,12.9,,26.6,297
01/22/19,12:00PM,01/22/19-12:00PM,9.2,1013.8,59.6,11.1,,30.0,273
01/22/19,01:00PM,01/22/19-01:00PM,9.4,1013.9,62.1,11.7,,28.5,303
01/22/19,02:00PM,01/22/19-02:00PM,8.6,1012.3,62.9,17.8,,31.2,322
01/22/19,03:00PM,01/22/19-03:00PM,8.9,1013.4,58.9,16.2,,30.8,300
01/22/19,04:00PM,01/22/19-04:00PM,9.2,1012.8,60.1,18.2,,32.4,287
01/22/19,05:00PM,01/22/19-05:00PM,8.0,1013.0,63.5,13.9,,29.3,279
01/22/19,06:00PM,01/22/19-06:00PM,8.6,1012.0,62.8,22.5,,25.7,327
01/22/19,07:00PM,01/22/19-07:00PM,8.0,1012.0,58.7,13.9,,29.9,291
01/22/19,08:00PM,01/22/19-08:00PM,9.9,1010.9,62.0,12.9,,26.3,357
01/22/19,09:00PM,01/22/19-09:00PM,9.1,1013.3,63.9,15.9,,24.9,283
01/22/19,10:00PM,01/22/19-10:00PM,9.2,1013.1,61.5,14.5,,25.4,294
01/22/19,11:00PM,01/22/19-11:00PM,9.1,1013.6,62.7,15.1,,22.1,318
01/23/19,12:00AM,01/23/19-12:00AM,7.6,1013.9,65.4,13.3,,20.2,302
01/23/19,01:00AM,01/23/19-01:00AM,9.3,1015.4,63.0,15.0,,20.2,324
01/23/19,02:00AM,01/23/19-02:00AM,7.2,1013.8,70.0,10.0,,20.9,299
01/23/19,03:00AM,01/23/19-03:00AM,7.1,1013.5,69.1,9.2,,19.5,284
01/23/19,04:00AM,01/23/19-04:00AM,9.1,1012.5,72.4,3.6,,22.4,302
01/23/19,05:00AM,01/23/19-05:00AM,9.8,1012.2,70.4,5.7,,19.5,262
01/23/19,06:00AM,01/23/19-06:00AM,10.0,1011.8,66.3,6.5,,20.5,328
01/23/19,07:00AM,01/23/19-07:00AM,9.7,1012.0,63.7,2.0,,20.8,282
01/23/19,08:00AM,01/23/19-08:00AM,8.8,1012.9,61.8,6.0,,26.0,308
01/23/19,09:00AM,01/23/19-09:00AM,9.8,1014.1,59.7,2.0,,27.1,306
01/23/19,10:00AM,01/23/19-10:00AM,10.0,1013.9,63.4,6.1,,25.9,277
01/23/19,11:00AM,01/23/19-11:00AM,9.5,1014.7,60.6,3.8,,26.4,312
01/23/19,12:00PM,01/23/19-12:00PM,7.3,1014.4,70.4,14.1,,26.4,282
01/23/19,01:00PM,01/23/19-01:00PM,10.0,1014.8,63.8,19.3,,31.1,256
01/23/19,02:00PM,01/23/19-02:00PM,6.9,1014.1,60.2,17.7,,30.6,312
01/23/19,03:00PM,01/23/19-03:00PM,8.8,1011.8,62.1,15.6,,30.8,305
01/23/19,04:00PM,01/23/19-04:00PM,10.0,1012.3,52.6,15.6,,29.4,339
01/23/19,05:00PM,01/23/19-05:00PM,9.4,1011.1,63.0,16.9,,30.8,294
01/23/19,06:00PM,01/23/19-06:00PM,8.8,1010.3,66.0,18.4,,28.6,318
01/23/19,07:00PM,01/23/19-07:00PM,10.0,1011.6,64.6,21.3,,26.1,333
01/23/19,08:00PM,01/23/19-08:00PM,9.3,1012.1,62.5,18.6,,25.2,331
01/23/19,09:00PM,01/23/19-09:00PM,9.4,1014.7,63.3,13.7,,25.3,312
01/23/19,10:00PM,01/23/19-10:00PM,9.4,1013.3,68.0,14.6,,22.0,302
01/23/19,11:00PM,01/23/19-11:00PM,9.1,1014.1,66.3,14.7,,23.1,331
01/24/19,12:00AM,01/24/19-12:00AM,10.0,1014.4,60.5,8.7,,20.3,314
01/24/19,01:00AM,01/24/19-01:00AM,9.2,1013.9,73.2,11.1,,20.1,306
01/24/19,02:00AM,01/24/19-02:00AM,8.1,1013.7,69.8,11.6,,19.5,332
01/24/19,03:00AM,01/24/19-03:00AM,8.1,1012.0,67.2,5.5,,19.6,297
01/24/19,04:00AM,01/24/19-04:00AM,8.2,1013.2,71.4,2.0,,20.8,284
01/24/19,05:00AM,01/24/19-05:00AM,9.2,1012.1,68.7,4.8,,19.1,326
01/24/19,06:00AM,01/24/19-06:00AM,9.3,1012.1,75.1,3.5,,20.6,332
01/24/19,07:00AM,01/24/19-07:00AM,8.5,1011.1,68.3,7.5,,20.8,299
01/24/19,08:00AM,01/24/19-08:00AM,9.2,1012.4,57.8,9.4,,23.1,355
01/24/19,09:00AM,01/24/19-09:00AM,9.7,1012.3,59.3,8.4,,23.8,286
01/24/19,10:00AM,01/24/19-10:00AM,9.1,1013.7,64.8,9.0,,26.5,288
01/24/19,11:00AM,01/24/19-11:00AM,8.2,1014.4,60.3,6.0,,28.0,325
01/24/19,12:00PM,01/24/19-12:00PM,9.0,1013.6,57.1,8.9,,30.9,307
01/24/19,01:00PM,01/24/19-01:00PM,10.0,1012.7,63.7,15.1,,28.7,288
01/24/19,02:00PM,01/24/19-02:00PM,9.1,1013.7,61.6,12.1,,31.4,316
01/24/19,03:00PM,01/24/19-03:00PM,8.7,1013.7,54.4,17.0,,29.3,267
01/24/19,04:00PM,01/24/19-04:00PM,8.8,1012.2,59.2,21.2,,29.0,307
01/24/19,05:00PM,01/24/19-05:00PM,8.1,1012.7,62.4,15.3,,30.1,301
01/24/19,06:00PM,01/24/19-06:00PM,7.8,1013.0,60.0,18.7,,29.8,320
01/24/19,07:00PM,01/24/19-07:00PM,9.0,1011.4,61.1,16.7,,28.8,326
01/24/19,08:00PM,01/24/19-08:00PM,10.0,1011.2,69.2,23.1,,26.9,342
01/24/19,09:00PM,01/24/19-09:00PM,8.0,1013.4,62.4,21.4,,25.2,318
01/24/19,10:00PM,01/24/19-10:00PM,10.0,1013.2,65.9,13.0,,25.8,314
01/24/19,11:00PM,01/24/19-11:00PM,9.8,1013.4,62.5,9.1,,21.9,339
01/25/19,12:00AM,01/25/19-12:00AM,8.2,1014.7,70.3,18.4,,20.4,288
01/25/19,01:00AM,01/25/19-01:00AM,9.0,1015.3,66.9,8.0,,19.9,273
01/25/19,02:00AM,01/25/19-02:00AM,8.2,1013.5,63.7,6.0,,18.6,292
01/25/19,03:00AM,01/25/19-03:00AM,9.7,1012.3,75.1,9.5,,19.2,278
01/25/19,04:00AM,01/25/19-04:00AM,9.2,1011.9,71.6,12.5,,22.1,278
01/25/19,05:00AM,01/25/19-05:00AM,8.5,1012.0,66.5,2.0,,18.7,293
01/25/19,06:00AM,01/25/19-06:00AM,9.1,1012.4,63.9,6.2,,23.6,329
01/25/19,07:00AM,01/25/19-07:00AM,9.7,1012.0,57.8,6.2,,20.6,325
01/25/19,08:00AM,01/25/19-08:00AM,9.5,1011.6,66.8,4.7,,25.0,299
01/25/19,09:00AM,01/25/19-09:00AM,10.0,1013.3,62.6,8.4,,21.7,333
01/25/19,10:00AM,01/25/19-10:00AM,8.5,1015.2,59.3,10.4,,28.4,298
01/25/19,11:00AM,01/25/19-11:00AM,8.2,1015.7,59.6,8.8,,26.7,291
01/25/19,12:00PM,01/25/19-12:00PM,8.7,1014.2,57.7,12.6,,28.8,329
01/25/19,01:00PM,01/25/19-01:00PM,9.8,1014.9,62.0,16.1,,29.2,285
01/25/19,02:00PM,01/25/19-02:00PM,9.2,1013.6,58.8,9.8,,29.4,320
01/25/19,03:00PM,01/25/19-03:00PM,8.1,1012.4,55.4,18.8,,31.9,327
01/25/19,04:00PM,01/25/19-04:00PM,8.2,1011.5,65.3,16.6,,31.1,341
01/25/19,05:00PM,01/25/19-05:00PM,8.7,1012.9,60.0,16.8,,29.3,309
01/25/19,06:00PM,01/25/19-06:00PM,8.9,1010.9,63.3,18.1,,29.1,316
01/25/19,07:00PM,01/25/19-07:00PM,7.8,1011.5,60.5,18.4,,28.6,299
01/25/19,08:00PM,01/25/19-08:00PM,9.8,1013.3,58.2,18.9,,25.9,324
01/25/19,09:00PM,01/25/19-09:00PM,8.9,1012.1,64.2,15.1,,26.0,301
01/25/19,10:00PM,01/25/19-10:00PM,9.9,1014.0,63.3,10.4,,25.0,317
01/25/19,11:00PM,01/25/19-11:00PM,7.6,1013.4,74.1,17.6,,21.8,296
01/26/19,12:00AM,01/26/19-12:00AM,9.9,1015.7,72.8,8.3,,20.1,293
01/26/19,01:00AM,01/26/19-01:00AM,9.0,1014.6,77.1,9.3,,21.1,297
01/26/19,02:00AM,01/26/19-02:00AM,9.1,1013.6,68.0,5.4,,19.1,302
01/26/19,03:00AM,01/26/19-03:00AM,9.7,1013.3,64.4,9.3,,20.5,289
01/26/19,04:00AM,01/26/19-04:00AM,9.3,1011.3,64.7,4.1,,19.8,323
01/26/19,05:00AM,01/26/19-05:00AM,10.0,1011.2,63.4,10.1,,21.9,302
01/26/19,06:00AM,01/26/19-06:00AM,9.3,1011.4,63.8,5.0,,22.6,344
01/26/19,07:00AM,01/26/19-07:00AM,7.8,1012.5,63.1,5.8,,25.0,262
01/26/19,08:00AM,01/26/19-08:00AM,10.0,1012.4,67.5,5.1,,25.2,296
01/26/19,09:00AM,01/26/19-09:00AM,10.0,1013.4,69.9,5.0,,25.6,293
01/26/19,10:00AM,01/26/19-10:00AM,10.0,1013.4,60.4,13.5,,25.6,338
01/26/19,11:00AM,01/26/19-11:00AM,8.2,1014.2,62.8,11.0,,26.3,319
01/26/19,12:00PM,01/26/19-12:00PM,7.0,1013.7,56.1,10.4,,29.2,269
01/26/19,01:00PM,01/26/19-01:00PM,8.8,1014.8,56.6,14.1,,30.9,308
01/26/19,02:00PM,01/26/19-02:00PM,9.9,1014.1,65.4,9.1,,30.9,322
01/26/19,03:00PM,01/26/19-03:00PM,8.5,1013.6,60.3,19.5,,29.8,313
01/26/19,04:00PM,01/26/19-04:00PM,8.9,1013.4,64.4,14.3,,29.2,323
01/26/19,05:00PM,01/26/19-05:00PM,8.6,1011.2,54.7,15.3,,30.7,286
01/26/19,06:00PM,01/26/19-06:00PM,9.4,1010.5,60.9,19.3,,28.8,298
01/26/19,07:00PM,01/26/19-07:00PM,9.6,1012.1,58.9,17.0,,25.4,279
01/26/19,08:00PM,01/26/19-08:00PM,9.3,1012.2,57.4,20.2,,28.2,294
01/26/19,09:00PM,01/26/19-09:00PM,9.1,1012.4,61.7,16.1,,22.3,323
01/26/19,10:00PM,01/26/19-10:00PM,10.0,1013.6,62.9,17.3,,22.8,297
01/26/19,11:00PM,01/26/19-11:00PM,9.0,1013.8,66.8,17.1,,22.0,286
01/27/19,12:00AM,01/27/19-12:00AM,8.9,1015.1,75.4,10.2,,22.2,332
01/27/19,01:00AM,01/27/19-01:00AM,7.9,1013.2,76.5,11.6,,20.0,301
01/27/19,02:00AM,01/27/19-02:00AM,8.6,1013.5,68.0,9.7,,19.3,321
01/27/19,03:00AM,01/27/19-03:00AM,9.1,1013.3,67.1,6.5,,20.0,308
01/27/19,04:00AM,01/27/19-04:00AM,8.6,1012.6,63.0,6.6,,21.6,313
01/27/19,05:00AM,01/27/19-05:00AM,8.2,1012.3,68.5,8.9,,20.3,282
01/27/19,06:00AM,01/27/19-06:00AM,8.4,1011.2,67.5,2.1,,24.0,302
01/27/19,07:00AM,01/27/19-07:00AM,9.6,1010.9,65.4,6.8,,22.8,307
01/27/19,08:00AM,01/27/19-08:00AM,8.8,1012.1,66.8,5.6,,23.1,296
01/27/19,09:00AM,01/27/19-09:00AM,8.4,1012.9,63.3,6.6,,24.5,316
01/27/19,10:00AM,01/27/19-10:00AM,8.9,1013.9,63.3,8.1,,25.5,308
01/27/19,11:00AM,01/27/19-11:00AM,10.0,1013.4,54.7,10.1,,28.3,298
01/27/19,12:00PM,01/27/19-12:00PM,8.3,1014.6,60.1,11.3,,28.2,295
01/27/19,01:00PM,01/27/19-01:00PM,7.1,1013.8,58.2,15.0,,29.1,346
01/27/19,02:00PM,01/27/19-02:00PM,9.4,1014.2,66.3,10.0,,29.1,267
01/27/19,03:00PM,01/27/19-03:00PM,9.4,1011.9,61.8,19.1,,32.2,247
01/27/19,04:00PM,01/27/19-04:00PM,10.0,1011.7,60.0,15.9,,27.5,307
01/27/19,05:00PM,01/27/19-05:00PM,8.8,1011.4,61.5,14.7,,28.9,321
01/27/19,06:00PM,01/27/19-06:00PM,10.0,1013.0,67.1,21.5,,29.0,303
01/27/19,07:00PM,01/27/19-07:00PM,9.5,1012.0,64.6,19.2,,27.9,309
01/27/19,08:00PM,01/27/19-08:00PM,10.0,1012.4,65.6,15.6,,26.3,6
01/27/19,09:00PM,01/27/19-09:00PM,8.7,1012.1,63.3,16.3,,25.9,337
01/27/19,10:00PM,01/27/19-10:00PM,7.0,1014.4,61.3,18.6,,24.0,310
01/27/19,11:00PM,01/27/19-11:00PM,8.8,1014.0,74.4,16.2,,22.3,320
01/28/19,12:00AM,01/28/19-12:00AM,10.0,1015.2,69.8,8.5,,20.2,300
01/28/19,01:00AM,01/28/19-01:00AM,10.0,1014.1,68.5,10.6,,21.1,290
01/28/19,02:00AM,01/28/19-02:00AM,8.8,1014.2,70.9,9.0,,18.9,264
01/28/19,03:00AM,01/28/19-03:00AM,8.6,1012.7,66.7,6.8,,17.6,291
01/28/19,04:00AM,01/28/19-04:00AM,9.9,1012.3,60.8,9.6,,21.3,280
01/28/19,05:00AM,01/28/19-05:00AM,9.0,1011.7,68.6,6.1,,20.4,315
01/28/19,06:00AM,01/28/19-06:00AM,7.9,1009.9,67.8,8.0,,20.9,312
01/28/19,07:00AM,01/28/19-07:00AM,9.9,1011.7,66.7,2.0,,22.3,335
01/28/19,08:00AM,01/28/19-08:00AM,9.7,1011.2,68.8,7.6,,23.5,313
01/28/19,09:00AM,01/28/19-09:00AM,9.8,1013.3,61.9,8.3,,24.6,274
01/28/19,10:00AM,01/28/19-10:00AM,9.0,1013.9,69.4,5.2,,26.1,267
01/28/19,11:00AM,01/28/19-11:00AM,9.1,1012.3,65.2,8.9,,27.8,309
01/28/19,12:00PM,01/28/19-12:00PM,8.6,1015.4,65.0,14.0,,28.4,290
01/28/19,01:00PM,01/28/19-01:00PM,10.0,1015.4,66.7,13.2,,30.0,304
01/28/19,02:00PM,01/28/19-02:00PM,9.3,1014.1,62.2,13.0,,32.8,318
01/28/19,03:00PM,01/28/19-03:00PM,10.0,1012.0,55.2,16.5,,31.2,308
01/28/19,04:00PM,01/28/19-04:00PM,9.1,1012.7,64.7,15.6,,30.4,299
01/28/19,05:00PM,01/28/19-05:00PM,8.0,1011.4,58.3,13.8,,29.5,352
01/28/19,06:00PM,01/28/19-06:00PM,8.6,1010.9,60.2,16.1,,29.0,262
01/28/19,07:00PM,01/28/19-07:00PM,8.1,1012.1,64.9,18.5,,28.5,303
01/28/19,08:00PM,01/28/19-08:00PM,8.4,1014.4,63.1,18.2,,26.8,336
01/28/19,09:00PM,01/28/19-09:00PM,9.0,1011.6,65.1,21.4,,26.4,283
01/28/19,10:00PM,01/28/19-10:00PM,7.5,1012.4,67.0,10.4,,25.0,324
01/28/19,11:00PM,01/28/19-11:00PM,8.1,1013.7,61.7,14.2,,22.3,325
01/29/19,12:00AM,01/29/19-12:00AM,6.9,1013.4,66.0,10.2,,20.9,290
01/29/19,01:00AM,01/29/19-01:00AM,7.8,1015.1,67.2,5.2,,21.3,326
01/29/19,02:00AM,01/29/19-02:00AM,8.6,1012.3,73.5,11.9,,22.2,269
01/29/19,03:00AM,01/29/19-03:00AM,9.0,1012.6,65.9,2.5,,18.7,357
01/29/19,04:00AM,01/29/19-04:00AM,9.3,1012.5,72.6,9.4,,20.7,340
01/29/19,05:00AM,01/29/19-05:00AM,10.0,1011.9,70.5,9.1,,20.6,301
01/29/19,06:00AM,01/29/19-06:00AM,10.0,1010.8,66.2,8.5,,21.3,302
01/29/19,07:00AM,01/29/19-07:00AM,9.2,1012.3,64.3,5.4,,22.2,324
01/29/19,08:00AM,01/29/19-08:00AM,7.7,1010.6,63.6,14.7,,25.6,331
01/29/19,09:00AM,01/29/19-09:00AM,10.0,1014.4,61.3,8.7,,26.3,297
01/29/19,10:00AM,01/29/19-10:00AM,8.6,1013.9,62.8,7.4,,26.5,262
01/29/19,11:00AM,01/29/19-11:00AM,9.0,1014.4,65.0,11.0,,26.9,336
01/29/19,12:00PM,01/29/19-12:00PM,8.8,1015.1,63.5,11.8,,29.7,303
01/29/19,01:00PM,01/29/19-01:00PM,9.5,1013.8,60.0,19.5,,29.8,303
01/29/19,02:00PM,01/29/19-02:00PM,9.0,1013.5,60.6,19.2,,29.3,282
01/29/19,03:00PM,01/29/19-03:00PM,7.8,1013.1,62.1,11.8,,29.5,321
01/29/19,04:00PM,01/29/19-04:00PM,9.9,1011.3,56.2,11.2,,30.2,278
01/29/19,05:00PM,01/29/19-05:00PM,9.8,1012.1,61.4,16.2,,27.3,332
01/29/19,06:00PM,01/29/19-06:00PM,9.8,1012.1,56.1,20.5,,28.4,301
01/29/19,07:00PM,01/29/19-07:00PM,9.7,1011.3,61.1,16.9,,27.2,236
01/29/19,08:00PM,01/29/19-08:00PM,7.8,1011.4,57.7,21.0,,25.6,333
01/29/19,09:00PM,01/29/19-09:00PM,8.0,1012.3,61.9,13.3,,25.8,348
01/29/19,10:00PM,01/29/19-10:00PM,7.5,1015.1,63.2,14.2,,22.8,319
01/29/19,11:00PM,01/29/19-11:00PM,7.9,1012.0,64.9,12.0,,22.8,266
01/30/19,12:00AM,01/30/19-12:00AM,8.7,1013.9,70.5,13.1,,21.0,320
01/30/19,01:00AM,01/30/19-01:00AM,8.0,1014.3,66.0,12.1,,20.2,1
01/30/19,02:00AM,01/30/19-02:00AM,8.8,1013.5,71.3,16.8,,19.6,334
01/30/19,03:00AM,01/30/19-03:00AM,8.0,1014.4,70.7,9.6,,23.4,323
01/30/19,04:00AM,01/30/19-04:00AM,9.4,1012.6,65.5,10.2,,20.3,309
01/30/19,05:00AM,01/30/19-05:00AM,7.5,1012.2,67.8,8.8,,19.7,308
01/30/19,06:00AM,01/30/19-06:00AM,9.2,1011.9,66.7,4.2,,19.5,316
01/30/19,07:00AM,01/30/19-07:00AM,8.8,1011.8,63.7,6.4,,20.7,332
01/30/19,08:00AM,01/30/19-08:00AM,8.3,1014.3,65.0,5.1,,22.5,285
01/30/19,09:00AM,01/30/19-09:00AM,10.0,1012.8,56.7,10.5,,24.4,303
01/30/19,10:00AM,01/30/19-10:00AM,9.6,1014.4,64.1,8.1,,26.1,337
01/30/19,11:00AM,01/30/19-11:00AM,8.2,1014.4,66.2,12.3,,28.8,318
01/30/19,12:00PM,01/30/19-12:00PM,9.8,1014.3,62.3,7.0,,28.0,32
01/30/19,01:00PM,01/30/19-01:00PM,9.2,1013.3,61.1,17.3,,29.8,261
01/30/19,02:00PM,01/30/19-02:00PM,8.7,1013.9,55.0,16.8,,29.8,341
01/30/19,03:00PM,01/30/19-03:00PM,9.0,1013.6,62.9,13.2,,30.7,306
01/30/19,04:00PM,01/30/19-04:00PM,8.7,1011.8,62.3,15.5,,30.4,220
01/30/19,05:00PM,01/30/19-05:00PM,7.2,1012.3,64.8,18.4,,29.4,291
01/30/19,06:00PM,01/30/19-06:00PM,7.8,1011.3,65.8,18.4,,28.4,327
01/30/19,07:00PM,01/30/19-07:00PM,9.6,1010.7,60.1,21.6,,29.9,317
01/30/19,08:00PM,01/30/19-08:00PM,9.2,1012.8,62.4,17.2,,26.4,289
01/30/19,09:00PM,01/30/19-09:00PM,9.6,1012.7,68.9,15.4,,23.6,283
01/30/19,10:00PM,01/30/19-10:00PM,9.3,1015.5,59.4,16.9,,23.0,321
01/30/19,11:00PM,01/30/19-11:00PM,9.0,1014.3,67.1,8.9,,20.5,300
01/31/19,12:00AM,01/31/19-12:00AM,9.1,1015.8,63.7,18.3,,20.7,269
01/31/19,01:00AM,01/31/19-01:00AM,8.5,1015.6,64.6,11.1,,18.9,335
01/31/19,02:00AM,01/31/19-02:00AM,10.0,1012.8,70.7,4.3,,21.4,308
01/31/19,03:00AM,01/31/19-03:00AM,8.1,1012.7,67.7,10.6,,22.7,307
01/31/19,04:00AM,01/31/19-04:00AM,9.4,1012.6,68.5,10.2,,20.5,273
01/31/19,05:00AM,01/31/19-05:00AM,8.9,1011.4,71.6,2.0,,19.8,321
01/31/19,06:00AM,01/31/19-06:00AM,9.2,1011.6,70.7,4.7,,20.6,299
01/31/19,07:00AM,01/31/19-07:00AM,8.8,1011.4,67.7,7.5,,21.0,281
01/31/19,08:00AM,01/31/19-08:00AM,8.4,1012.5,66.8,2.0,,22.0,300
01/31/19,09:00AM,01/31/19-09:00AM,9.7,1013.3,67.2,10.7,,24.7,318
01/31/19,10:00AM,01/31/19-10:00AM,8.2,1012.8,59.6,8.0,,27.5,28
01/31/19,11:00AM,01/31/19-11:00AM,7.4,1015.0,57.0,8.2,,27.0,327
01/31/19,12:00PM,01/31/19-12:00PM,8.5,1015.0,61.1,13.0,,26.4,262
01/31/19,01:00PM,01/31/19-01:00PM,9.8,1015.5,62.9,25.4,,31.9,265
01/31/19,02:00PM,01/31/19-02:00PM,9.5,1012.8,64.5,11.0,,27.5,329
01/31/19,03:00PM,01/31/19-03:00PM,9.1,1014.1,60.3,12.4,,30.7,359
01/31/19,04:00PM,01/31/19-04:00PM,9.2,1011.9,64.0,20.4,,32.1,274
01/31/19,05:00PM,01/31/19-05:00PM,9.5,1012.5,61.9,17.1,,30.8,280
01/31/19,06:00PM,01/31/19-06:00PM,8.8,1010.9,56.5,17.2,,29.5,1
01/31/19,07:00PM,01/31/19-07:00PM,9.4,1012.5,63.2,20.7,,25.1,290
01/31/19,08:00PM,01/31/19-08:00PM,8.4,1013.9,67.1,16.5,,27.3,311
01/31/19,09:00PM,01/31/19-09:00PM,8.0,1012.4,61.9,18.4,,24.1,341
01/31/19,10:00PM,01/31/19-10:00PM,6.3,1012.7,66.6,12.6,,23.7,256
01/31/19,11:00PM,01/31/19-11:00PM,7.7,1015.0,64.6,12.6,,20.8,349
02/01/19,12:00AM,02/01/19-12:00AM,8.8,1014.2,66.2,12.6,,20.0,300
02/01/19,01:00AM,02/01/19-01:00AM,9.2,1013.3,66.5,8.5,,19.4,5
02/01/19,02:00AM,02/01/19-02:00AM,9.4,1013.9,68.2,13.5,,22.5,328
02/01/19,03:00AM,02/01/19-03:00AM,8.6,1013.0,63.7,6.5,,18.9,285
02/01/19,04:00AM,02/01/19-04:00AM,9.4,1012.2,71.2,6.1,,18.5,332
02/01/19,05:00AM,02/01/19-05:00AM,10.0,1012.5,71.2,2.8,,17.8,342
02/01/19,06:00AM,02/01/19-06:00AM,8.9,1011.3,70.4,8.0,,23.7,304
02/01/19,07:00AM,02/01/19-07:00AM,9.9,1013.0,62.8,7.3,,23.3,339
02/01/19,08:00AM,02/01/19-08:00AM,8.9,1012.0,67.3,8.5,,23.1,314
02/01/19,09:00AM,02/01/19-09:00AM,9.0,1014.0,67.5,9.8,,22.1,338
02/01/19,10:00AM,02/01/19-10:00AM,9.7,1014.1,64.5,8.7,,25.0,262
02/01/19,11:00AM,02/01/19-11:00AM,8.8,1013.3,59.2,9.5,,26.5,302
02/01/19,12:00PM,02/01/19-12:00PM,8.3,1013.6,59.4,12.7,,31.0,289
02/01/19,01:00PM,02/01/19-01:00PM,9.6,1014.7,65.5,17.3,,28.3,335
02/01/19,02:00PM,02/01/19-02:00PM,8.5,1014.2,59.7,18.5,,30.6,355
02/01/19,03:00PM,02/01/19-03:00PM,8.6,1012.5,57.5,12.3,,27.9,280
02/01/19,04:00PM,02/01/19-04:00PM,10.0,1012.7,57.4,19.5,,29.4,349
02/01/19,05:00PM,02/01/19-05:00PM,9.5,1011.9,58.4,18.8,,30.6,313
02/01/19,06:00PM,02/01/19-06:00PM,8.0,1012.0,63.2,17.7,,27.8,273
02/01/19,07:00PM,02/01/19-07:00PM,8.9,1011.9,55.0,20.0,,25.8,320
02/01/19,08:00PM,02/01/19-08:00PM,9.3,1011.8,58.1,18.5,,27.2,358
02/01/19,09:00PM,02/01/19-09:00PM,8.2,1013.5,58.6,17.3,,25.7,283
02/01/19,10:00PM,02/01/19-10:00PM,10.0,1015.3,67.4,12.8,,24.1,344
02/01/19,11:00PM,02/01/19-11:00PM,8.9,1014.6,62.4,6.6,,23.9,278
02/02/19,12:00AM,02/02/19-12:00AM,9.1,1014.9,60.3,18.1,,20.9,329
02/02/19,01:00AM,02/02/19-01:00AM,9.7,1013.4,66.7,8.9,,21.1,287
02/02/19,02:00AM,02/02/19-02:00AM,8.2,1013.2,69.0,8.2,,18.8,319
02/02/19,03:00AM,02/02/19-03:00AM,8.7,1012.7,65.8,14.5,,19.7,301
02/02/19,04:00AM,02/02/19-04:00AM,9.8,1012.8,65.8,2.0,,20.3,302
02/02/19,05:00AM,02/02/19-05:00AM,10.0,1013.2,71.7,8.6,,18.1,276
02/02/19,06:00AM,02/02/19-06:00AM,9.7,1012.8,71.9,7.2,,20.7,297
02/02/19,07:00AM,02/02/19-07:00AM,7.9,1012.5,67.1,3.7,,23.3,269
02/02/19,08:00AM,02/02/19-08:00AM,8.7,1012.5,63.4,5.0,,21.8,350
02/02/19,09:00AM,02/02/19-09:00AM,7.9,1011.9,66.2,4.8,,24.1,315
02/02/19,10:00AM,02/02/19-10:00AM,9.3,1013.4,63.4,4.3,,26.4,287
02/02/19,11:00AM,02/02/19-11:00AM,9.7,1013.3,61.8,10.7,,31.1,334
02/02/19,12:00PM,02/02/19-12:00PM,9.3,1015.6,65.0,12.7,,29.7,295
02/02/19,01:00PM,02/02/19-01:00PM,10.0,1013.0,55.7,17.5,,28.7,234
02/02/19,02:00PM,02/02/19-02:00PM,10.0,1013.6,60.6,16.1,,27.9,264
02/02/19,03:00PM,02/02/19-03:00PM,9.2,1014.3,60.4,21.7,,29.6,311
02/02/19,04:00PM,02/02/19-04:00PM,9.9,1012.9,69.0,17.5,,29.9,349
02/02/19,05:00PM,02/02/19-05:00PM,7.7,1010.9,58.7,20.7,,30.6,304
02/02/19,06:00PM,02/02/19-06:00PM,9.0,1011.4,63.9,20.4,,27.9,310
02/02/19,07:00PM,02/02/19-07:00PM,8.5,1013.3,62.7,22.5,,28.5,323
02/02/19,08:00PM,02/02/19-08:00PM,8.9,1012.7,62.6,16.1,,27.6,273
02/02/19,09:00PM,02/02/19-09:00PM,9.5,1013.2,64.6,14.8,,24.7,313
02/02/19,10:00PM,02/02/19-10:00PM,9.4,1015.0,71.3,11.3,,24.6,329
02/02/19,11:00PM,02/02/19-11:00PM,7.9,1014.9,66.9,11.8,,22.1,305
02/03/19,12:00AM,02/03/19-12:00AM,9.4,1014.9,63.2,12.2,,21.5,318
02/03/19,01:00AM,02/03/19-01:00AM,9.9,1013.1,64.4,14.2,,18.8,316
02/03/19,02:00AM,02/03/19-02:00AM,9.0,1013.9,72.6,8.2,,20.2,310
02/03/19,03:00AM,02/03/19-03:00AM,7.2,1013.4,67.9,7.3,,21.0,298
02/03/19,04:00AM,02/03/19-04:00AM,10.0,1012.5,70.8,4.0,,20.9,314
02/03/19,05:00AM,02/03/19-05:00AM,7.8,1012.0,64.2,2.0,,20.4,266
02/03/19,06:00AM,02/03/19-06:00AM,8.5,1012.2,65.5,6.4,,22.7,309
02/03/19,07:00AM,02/03/19-07:00AM,9.4,1010.8,60.4,10.0,,21.8,355
02/03/19,08:00AM,02/03/19-08:00AM,8.9,1012.4,70.0,4.7,,23.4,1
02/03/19,09:00AM,02/03/19-09:00AM,8.7,1012.6,59.3,14.7,,23.4,337
02/03/19,10:00AM,02/03/19-10:00AM,8.5,1014.7,65.2,12.1,,27.1,304
02/03/19,11:00AM,02/03/19-11:00AM,9.3,1014.3,59.2,11.1,,27.0,334
02/03/19,12:00PM,02/03/19-12:00PM,8.5,1015.6,61.7,16.7,,28.8,342
02/03/19,01:00PM,02/03/19-01:00PM,9.4,1012.6,61.3,11.2,,29.6,312
02/03/19,02:00PM,02/03/19-02:00PM,8.6,1014.6,58.6,17.4,,29.8,268
02/03/19,03:00PM,02/03/19-03:00PM,9.3,1014.7,58.5,14.7,,30.4,341
02/03/19,04:00PM,02/03/19-04:00PM,8.3,1012.3,58.5,15.3,,30.7,335
02/03/19,05:00PM,02/03/19-05:00PM,9.7,1012.6,63.7,19.0,,29.2,343
02/03/19,06:00PM,02/03/19-06:00PM,9.2,1012.3,66.4,14.3,,29.2,305
02/03/19,07:00PM,02/03/19-07:00PM,8.7,1012.1,54.6,21.6,,27.7,300
02/03/19,08:00PM,02/03/19-08:00PM,6.8,1011.2,62.5,19.8,,27.0,271
02/03/19,09:00PM,02/03/19-09:00PM,9.3,1012.2,61.8,15.4,,24.7,276
02/03/19,10:00PM,02/03/19-10:00PM,7.2,1014.3,66.7,16.8,,25.0,275
02/03/19,11:00PM,02/03/19-11:00PM,8.8,1014.3,67.8,16.4,,23.3,349
02/04/19,12:00AM,02/04/19-12:00AM,9.0,1013.9,67.8,11.0,,20.5,277
02/04/19,01:00AM,02/04/19-01:00AM,8.9,1013.9,72.0,11.8,,20.5,320
02/04/19,02:00AM,02/04/19-02:00AM,9.1,1013.2,65.5,10.2,,19.3,323
02/04/19,03:00AM,02/04/19-03:00AM,9.7,1012.7,67.3,8.4,,17.9,299
02/04/19,04:00AM,02/04/19-04:00AM,8.4,1013.6,75.2,9.7,,19.9,349
02/04/19,05:00AM,02/04/19-05:00AM,9.1,1012.4,64.1,3.0,,22.3,332
02/04/19,06:00AM,02/04/19-06:00AM,8.0,1010.9,73.1,8.1,,22.3,282
02/04/19,07:00AM,02/04/19-07:00AM,7.5,1011.0,69.7,8.8,,22.5,323
02/04/19,08:00AM,02/04/19-08:00AM,10.0,1012.5,61.8,2.0,,24.2,297
02/04/19,09:00AM,02/04/19-09:00AM,9.0,1013.5,63.2,10.2,,25.8,306
02/04/19,10:00AM,02/04/19-10:00AM,9.9,1013.4,64.0,9.3,,27.8,268
02/04/19,11:00AM,02/04/19-11:00AM,8.2,1014.3,62.2,14.3,,28.5,307
02/04/19,12:00PM,02/04/19-12:00PM,9.5,1015.5,65.4,14.9,,31.1,340
02/04/19,01:00PM,02/04/19-01:00PM,8.1,1015.0,60.4,12.1,,30.7,341
02/04/19,02:00PM,02/04/19-02:00PM,9.2,1012.5,56.9,20.0,,27.7,271
02/04/19,03:00PM,02/04/19-03:00PM,7.5,1012.9,62.1,19.2,,30.2,313
02/04/19,04:00PM,02/04/19-04:00PM,9.4,1011.7,54.8,19.5,,31.1,302
02/04/19,05:00PM,02/04/19-05:00PM,8.2,1012.3,51.3,13.9,,29.1,343
02/04/19,06:00PM,02/04/19-06:00PM,9.8,1011.3,61.4,20.7,,26.7,288
02/04/19,07:00PM,02/04/19-07:00PM,8.7,1011.1,59.3,20.6,,27.6,316
02/04/19,08:00PM,02/04/19-08:00PM,7.9,1013.0,65.1,19.1,,25.6,302
02/04/19,09:00PM,02/04/19-09:00PM,10.0,1013.5,62.1,20.3,,22.3,242
02/04/19,10:00PM,02/04/19-10:00PM,8.5,1013.9,62.1,14.0,,23.6,340
02/04/19,11:00PM,02/04/19-11:00PM,9.8,1016.0,61.7,12.7,,23.8,298
02/05/19,12:00AM,02/05/19-12:00AM,9.5,1015.4,67.6,14.7,,22.3,346
02/05/19,01:00AM,02/05/19-01:00AM,7.8,1014.5,69.3,12.0,,21.5,294
02/05/19,02:00AM,02/05/19-02:00AM,8.4,1014.0,64.7,9.5,,20.4,289
02/05/19,03:00AM,02/05/19-03:00AM,9.3,1011.9,64.6,10.0,,18.7,315
02/05/19,04:00AM,02/05/19-04:00AM,9.6,1011.4,69.6,8.1,,21.7,312
02/05/19,05:00AM,02/05/19-05:00AM,9.3,1012.2,69.6,9.0,,20.4,261
02/05/19,06:00AM,02/05/19-06:00AM,10.0,1011.3,62.9,6.5,,20.7,338
02/05/19,07:00AM,02/05/19-07:00AM,8.0,1012.4,70.3,6.9,,22.7,267
02/05/19,08:00AM,02/05/19-08:00AM,8.8,1011.0,65.9,11.0,,25.8,276
02/05/19,09:00AM,02/05/19-09:00AM,8.2,1013.0,63.4,4.3,,25.6,286
02/05/19,10:00AM,02/05/19-10:00AM,8.3,1014.1,64.6,7.4,,26.7,314
02/05/19,11:00AM,02/05/19-11:00AM,9.9,1014.2,58.6,10.1,,26.4,280
02/05/19,12:00PM,02/05/19-12:00PM,9.4,1015.9,64.3,12.1,,30.9,352
02/05/19,01:00PM,02/05/19-01:00PM,8.6,1013.6,66.4,11.7,,30.4,278
02/05/19,02:00PM,02/05/19-02:00PM,9.3,1014.2,55.5,14.4,,31.8,333
02/05/19,03:00PM,02/05/19-03:00PM,8.7,1013.3,56.3,11.5,,32.2,334
02/05/19,04:00PM,02/05/19-04:00PM,9.1,1011.5,60.4,22.8,,28.4,306
02/05/19,05:00PM,02/05/19-05:00PM,7.7,1011.7,54.0,18.2,,30.4,315
02/05/19,06:00PM,02/05/19-06:00PM,9.2,1010.5,60.1,14.5,,29.5,346
02/05/19,07:00PM,02/05/19-07:00PM,9.0,1011.6,59.8,16.8,,25.3,309
02/05/19,08:00PM,02/05/19-08:00PM,8.9,1011.0,65.6,15.9,,26.7,334
02/05/19,09:00PM,02/05/19-09:00PM,8.8,1013.9,71.5,17.8,,24.5,317
02/05/19,10:00PM,02/05/19-10:00PM,8.2,1013.8,71.0,13.1,,21.3,260
02/05/19,11:00PM,02/05/19-11:00PM,10.0,1013.1,63.9,19.4,,23.5,283
02/06/19,12:00AM,02/06/19-12:00AM,9.9,1014.5,61.9,9.2,,21.2,332
02/06/19,01:00AM,02/06/19-01:00AM,7.9,1013.8,72.5,10.0,,20.6,294
02/06/19,02:00AM,02/06/19-02:00AM,10.0,1013.7,67.2,10.0,,21.1,279
02/06/19,03:00AM,02/06/19-03:00AM,9.0,1012.2,65.6,8.6,,20.1,297
02/06/19,04:00AM,02/06/19-04:00AM,10.0,1012.9,63.5,11.0,,20.7,308
02/06/19,05:00AM,02/06/19-05:00AM,9.4,1012.3,64.3,5.0,,19.2,337
02/06/19,06:00AM,02/06/19-06:00AM,9.2,1011.5,67.3,9.2,,22.4,315
02/06/19,07:00AM,02/06/19-07:00AM,10.0,1012.2,67.1,10.4,,22.1,319
02/06/19,08:00AM,02/06/19-08:00AM,9.2,1012.2,67.2,6.6,,22.5,318
02/06/19,09:00AM,02/06/19-09:00AM,9.4,1012.4,65.8,6.7,,24.6,322
02/06/19,10:00AM,02/06/19-10:00AM,8.5,1014.3,67.2,9.2,,27.2,316
02/06/19,11:00AM,02/06/19-11:00AM,8.2,1015.0,64.1,8.7,,25.7,314
02/06/19,12:00PM,02/06/19-12:00PM,8.7,1015.5,59.3,9.6,,29.4,273
02/06/19,01:00PM,02/06/19-01:00PM,8.7,1014.6,62.6,11.8,,28.9,299
02/06/19,02:00PM,02/06/19-02:00PM,9.0,1014.0,63.3,13.9,,32.1,324
02/06/19,03:00PM,02/06/19-03:00PM,8.9,1012.7,54.5,13.9,,30.9,344
02/06/19,04:00PM,02/06/19-04:00PM,8.6,1012.1,62.9,15.8,,30.2,295
02/06/19,05:00PM,02/06/19-05:00PM,7.3,1010.9,61.6,15.0,,30.3,320
02/06/19,06:00PM,02/06/19-06:00PM,8.5,1011.4,59.5,15.8,,27.9,290
02/06/19,07:00PM,02/06/19-07:00PM,7.6,1013.0,60.9,18.3,,28.1,268
02/06/19,08:00PM,02/06/19-08:00PM,9.6,1011.2,63.0,14.2,,26.1,313
02/06/19,09:00PM,02/06/19-09:00PM,9.4,1012.5,65.3,12.9,,24.3,293
02/06/19,10:00PM,02/06/19-10:00PM,8.8,1014.5,67.5,17.0,,24.0,295
02/06/19,11:00PM,02/06/19-11:00PM,9.7,1014.6,63.8,15.5,,22.4,341
02/07/19,12:00AM,02/07/19-12:00AM,10.0,1014.2,71.0,11.3,,23.1,266
02/07/19,01:00AM,02/07/19-01:00AM,9.9,1014.3,69.7,11.4,,21.0,307
02/07/19,02:00AM,02/07/19-02:00AM,8.8,1014.5,68.0,8.7,,20.6,296
02/07/19,03:00AM,02/07/19-03:00AM,8.6,1013.1,68.9,8.1,,19.8,309
02/07/19,04:00AM,02/07/19-04:00AM,10.0,1013.3,64.2,2.0,,21.7,318
02/07/19,05:00AM,02/07/19-05:00AM,9.5,1012.9,71.1,4.9,,18.4,298
02/07/19,06:00AM,02/07/19-06:00AM,8.5,1012.5,71.2,4.7,,19.2,303
02/07/19,07:00AM,02/07/19-07:00AM,8.5,1011.3,62.4,8.3,,21.1,274
02/07/19,08:00AM,02/07/19-08:00AM,8.0,1013.9,67.4,2.0,,23.7,269
02/07/19,09:00AM,02/07/19-09:00AM,7.9,1013.2,68.6,5.6,,22.6,291
02/07/19,10:00AM,02/07/19-10:00AM,8.3,1014.8,59.3,4.2,,25.0,294
02/07/19,11:00AM,02/07/19-11:00AM,9.1,1015.3,60.3,16.8,,28.3,355
02/07/19,12:00PM,02/07/19-12:00PM,9.2,1014.8,62.9,7.8,,29.2,345
02/07/19,01:00PM,02/07/19-01:00PM,9.1,1014.0,64.2,19.6,,27.6,322
02/07/19,02:00PM,02/07/19-02:00PM,7.5,1013.5,52.4,15.4,,30.7,308
02/07/19,03:00PM,02/07/19-03:00PM,7.6,1013.9,59.4,20.3,,31.9,300
02/07/19,04:00PM,02/07/19-04:00PM,8.8,1012.5,58.7,15.8,,32.4,300
02/07/19,05:00PM,02/07/19-05:00PM,8.8,1012.9,56.4,22.5,,29.5,304
02/07/19,06:00PM,02/07/19-06:00PM,8.5,1011.1,63.5,18.3,,28.9,318
02/07/19,07:00PM,02/07/19-07:00PM,9.1,1013.2,61.0,18.0,,27.4,312
02/07/19,08:00PM,02/07/19-08:00PM,8.8,1011.7,53.1,17.0,,28.3,288
02/07/19,09:00PM,02/07/19-09:00PM,9.3,1014.1,64.9,17.9,,25.6,287
02/07/19,10:00PM,02/07/19-10:00PM,8.4,1014.8,68.0,15.5,,22.6,305
02/07/19,11:00PM,02/07/19-11:00PM,10.0,1013.3,64.6,11.8,,23.5,338
02/08/19,12:00AM,02/08/19-12:00AM,8.9,1014.6,64.7,8.4,,20.7,354
02/08/19,01:00AM,02/08/19-01:00AM,9.0,1012.5,64.8,10.7,,21.4,302
02/08/19,02:00AM,02/08/19-02:00AM,7.7,1013.2,68.2,6.6,,18.6,328
02/08/19,03:00AM,02/08/19-03:00AM,8.4,1013.7,64.4,6.8,,19.9,310
02/08/19,04:00AM,02/08/19-04:00AM,8.3,1013.2,70.6,8.0,,23.1,349
02/08/19,05:00AM,02/08/19-05:00AM,8.5,1011.5,67.3,8.6,,19.2,342
02/08/19,06:00AM,02/08/19-06:00AM,9.3,1010.6,65.7,10.4,,21.8,282
02/08/19,07:00AM,02/08/19-07:00AM,9.5,1012.0,62.2,7.1,,23.9,337
02/08/19,08:00AM,02/08/19-08:00AM,9.5,1013.8,63.1,2.9,,23.4,323
02/08/19,09:00AM,02/08/19-09:00AM,8.1,1011.8,54.2,4.0,,26.3,334
02/08/19,10:00AM,02/08/19-10:00AM,8.6,1014.3,64.3,12.4,,26.9,324
02/08/19,11:00AM,02/08/19-11:00AM,9.9,1015.0,64.4,17.2,,26.8,350
02/08/19,12:00PM,02/08/19-12:00PM,8.5,1014.3,59.1,14.0,,27.6,334
02/08/19,01:00PM,02/08/19-01:00PM,9.4,1014.8,67.1,12.5,,29.6,307
02/08/19,02:00PM,02/08/19-02:00PM,9.4,1012.8,60.5,10.0,,27.7,293
02/08/19,03:00PM,02/08/19-03:00PM,7.0,1013.3,61.4,15.4,,28.5,272
02/08/19,04:00PM,02/08/19-04:00PM,9.9,1011.1,56.6,18.5,,30.1,339
02/08/19,05:00PM,02/08/19-05:00PM,8.6,1011.3,57.9,19.7,,27.9,334
02/08/19,06:00PM,02/08/19-06:00PM,8.9,1011.1,60.4,10.7,,28.2,270
02/08/19,07:00PM,02/08/19-07:00PM,8.0,1011.7,68.0,20.6,,26.0,335
02/08/19,08:00PM,02/08/19-08:00PM,9.0,1012.8,61.8,18.3,,27.8,319
02/08/19,09:00PM,02/08/19-09:00PM,8.8,1013.6,62.5,19.5,,26.1,276
02/08/19,10:00PM,02/08/19-10:00PM,7.7,1013.6,65.8,14.8,,24.2,300
02/08/19,11:00PM,02/08/19-11:00PM,9.2,1013.8,69.3,10.7,,22.7,326
02/09/19,12:00AM,02/09/19-12:00AM,7.8,1014.2,66.8,14.5,,20.8,316
02/09/19,01:00AM,02/09/19-01:00AM,9.6,1014.5,64.7,8.5,,19.3,295
02/09/19,02:00AM,02/09/19-02:00AM,9.4,1014.6,68.0,10.0,,22.7,301
02/09/19,03:00AM,02/09/19-03:00AM,9.1,1014.7,66.3,8.6,,20.7,333
02/09/19,04:00AM,02/09/19-04:00AM,9.2,1011.7,67.7,5.0,,20.0,287
02/09/19,05:00AM,02/09/19-05:00AM,8.6,1012.2,69.5,10.5,,21.2,287
02/09/19,06:00AM,02/09/19-06:00AM,9.6,1010.9,67.0,2.3,,22.6,5
02/09/19,07:00AM,02/09/19-07:00AM,8.6,1013.4,68.7,5.5,,24.1,286
02/09/19,08:00AM,02/09/19-08:00AM,8.6,1012.5,66.8,5.8,,25.7,351
02/09/19,09:00AM,02/09/19-09:00AM,7.5,1012.9,63.1,7.4,,25.9,287
02/09/19,10:00AM,02/09/19-10:00AM,8.1,1013.9,61.3,3.3,,25.3,262
02/09/19,11:00AM,02/09/19-11:00AM,8.1,1012.8,65.9,5.6,,27.6,282
02/09/19,12:00PM,02/09/19-12:00PM,9.4,1014.4,66.7,8.7,,29.1,300
02/09/19,01:00PM,02/09/19-01:00PM,8.4,1015.5,57.4,17.6,,29.2,283
02/09/19,02:00PM,02/09/19-02:00PM,8.8,1013.6,59.9,13.6,,29.9,334
02/09/19,03:00PM,02/09/19-03:00PM,8.5,1014.2,60.3,14.8,,26.3,278
02/09/19,04:00PM,02/09/19-04:00PM,8.3,1013.2,53.7,20.3,,31.9,261
02/09/19,05:00PM,02/09/19-05:00PM,8.9,1012.3,60.5,23.0,,29.1,295
02/09/19,06:00PM,02/09/19-06:00PM,8.8,1012.0,61.1,17.7,,30.6,281
02/09/19,07:00PM,02/09/19-07:00PM,8.6,1010.9,65.8,16.8,,28.6,3
02/09/19,08:00PM,02/09/19-08:00PM,9.1,1013.1,65.6,20.6,,26.8,350
02/09/19,09:00PM,02/09/19-09:00PM,9.6,1012.4,68.5,22.4,,27.5,337
02/09/19,10:00PM,02/09/19-10:00PM,9.1,1015.2,66.0,14.7,,22.9,328
02/09/19,11:00PM,02/09/19-11:00PM,8.7,1014.8,70.4,10.3,,25.8,331
02/10/19,12:00AM,02/10/19-12:00AM,8.7,1014.7,62.0,9.7,,21.6,285
02/10/19,01:00AM,02/10/19-01:00AM,9.3,1014.1,68.5,10.8,,18.4,305
02/10/19,02:00AM,02/10/19-02:00AM,9.2,1011.8,66.4,9.5,,19.3,306
02/10/19,03:00AM,02/10/19-03:00AM,9.3,1013.1,62.9,7.5,,20.1,13
02/10/19,04:00AM,02/10/19-04:00AM,10.0,1013.4,69.6,4.5,,18.0,0
02/10/19,05:00AM,02/10/19-05:00AM,9.2,1012.6,66.1,2.0,,20.5,252
02/10/19,06:00AM,02/10/19-06:00AM,9.0,1012.0,66.5,4.9,,20.9,319
02/10/19,07:00AM,02/10/19-07:00AM,8.1,1013.8,62.2,3.9,,21.6,325
02/10/19,08:00AM,02/10/19-08:00AM,10.0,1013.1,60.5,8.6,,23.0,339
02/10/19,09:00AM,02/10/19-09:00AM,8.1,1014.0,71.7,6.0,,24.0,344
02/10/19,10:00AM,02/10/19-10:00AM,9.9,1013.6,63.6,12.2,,26.5,326
02/10/19,11:00AM,02/10/19-11:00AM,8.9,1014.8,59.3,10.1,,27.8,316
02/10/19,12:00PM,02/10/19-12:00PM,9.6,1015.6,55.3,13.1,,28.4,279
02/10/19,01:00PM,02/10/19-01:00PM,9.0,1014.2,58.8,13.1,,29.4,344
02/10/19,02:00PM,02/10/19-02:00PM,8.3,1013.1,58.9,12.8,,30.2,307
02/10/19,03:00PM,02/10/19-03:00PM,9.5,1012.7,55.3,17.5,,30.7,305
02/10/19,04:00PM,02/10/19-04:00PM,8.7,1011.4,60.2,19.1,,30.1,312
02/10/19,05:00PM,02/10/19-05:00PM,8.7,1011.6,58.7,20.9,,31.6,284
02/10/19,06:00PM,02/10/19-06:00PM,9.5,1010.5,63.4,20.8,,30.6,318
02/10/19,07:00PM,02/10/19-07:00PM,9.6,1011.3,61.3,17.8,,26.2,328
02/10/19,08:00PM,02/10/19-08:00PM,10.0,1011.1,64.0,13.5,,25.0,297
02/10/19,09:00PM,02/10/19-09:00PM,8.4,1012.9,65.6,16.1,,23.8,319
02/10/19,10:00PM,02/10/19-10:00PM,8.0,1014.3,65.1,14.1,,24.6,288
02/10/19,11:00PM,02/10/19-11:00PM,9.5,1012.8,66.0,15.5,,21.8,340
02/11/19,12:00AM,02/11/19-12:00AM,9.0,1015.0,73.0,14.0,,22.9,332
02/11/19,01:00AM,02/11/19-01:00AM,8.4,1014.0,70.1,7.1,,19.6,298
02/11/19,02:00AM,02/11/19-02:00AM,9.7,1013.5,73.9,13.5,,18.4,284
02/11/19,03:00AM,02/11/19-03:00AM,9.2,1011.6,64.7,9.4,,17.9,289
02/11/19,04:00AM,02/11/19-04:00AM,9.7,1013.0,63.6,5.5,,18.2,294
02/11/19,05:00AM,02/11/19-05:00AM,9.8,1011.9,68.7,5.2,,20.2,357
02/11/19,06:00AM,02/11/19-06:00AM,7.5,1010.8,66.9,4.8,,23.9,282
02/11/19,07:00AM,02/11/19-07:00AM,9.5,1012.6,62.8,3.5,,23.4,286
02/11/19,08:00AM,02/11/19-08:00AM,9.2,1009.9,61.2,6.5,,23.9,288
02/11/19,09:00AM,02/11/19-09:00AM,8.8,1014.6,66.4,9.4,,24.1,307
02/11/19,10:00AM,02/11/19-10:00AM,7.8,1014.2,64.5,7.6,,25.9,316
02/11/19,11:00AM,02/11/19-11:00AM,9.6,1011.6,56.8,10.3,,26.6,349
02/11/19,12:00PM,02/11/19-12:00PM,8.3,1014.7,66.5,12.2,,28.1,281
02/11/19,01:00PM,02/11/19-01:00PM,8.6,1015.1,64.7,16.0,,29.6,325
02/11/19,02:00PM,02/11/19-02:00PM,9.4,1014.8,61.9,18.0,,30.6,316
02/11/19,03:00PM,02/11/19-03:00PM,10.0,1012.7,57.4,16.6,,29.6,290
02/11/19,04:00PM,02/11/19-04:00PM,10.0,1014.1,52.9,19.6,,30.6,289
02/11/19,05:00PM,02/11/19-05:00PM,8.8,1012.4,65.6,13.0,,29.2,343
02/11/19,06:00PM,02/11/19-06:00PM,9.7,1012.2,67.1,19.8,,28.1,303
02/11/19,07:00PM,02/11/19-07:00PM,8.5,1011.3,60.0,14.2,,28.0,258
02/11/19,08:00PM,02/11/19-08:00PM,7.9,1011.3,66.3,17.4,,25.7,321
02/11/19,09:00PM,02/11/19-09:00PM,8.3,1013.0,65.9,16.6,,25.1,348
02/11/19,10:00PM,02/11/19-10:00PM,8.3,1013.5,68.4,16.2,,23.7,320
02/11/19,11:00PM,02/11/19-11:00PM,8.1,1013.9,67.3,16.6,,23.8,318
02/12/19,12:00AM,02/12/19-12:00AM,9.4,1014.8,67.8,11.9,,21.4,300
02/12/19,01:00AM,02/12/19-01:00AM,9.5,1012.9,66.9,7.0,,21.1,293
02/12/19,02:00AM,02/12/19-02:00AM,7.7,1014.2,66.4,7.6,,18.9,332
02/12/19,03:00AM,02/12/19-03:00AM,8.3,1012.9,63.0,9.0,,19.7,322
02/12/19,04:00AM,02/12/19-04:00AM,9.0,1013.0,60.2,4.4,,21.7,299
02/12/19,05:00AM,02/12/19-05:00AM,8.8,1012.9,72.3,11.8,,22.3,323
02/12/19,06:00AM,02/12/19-06:00AM,9.0,1010.7,70.5,9.9,,22.3,283
02/12/19,07:00AM,02/12/19-07:00AM,9.0,1011.0,70.4,5.5,,21.9,342
02/12/19,08:00AM,02/12/19-08:00AM,9.9,1012.6,62.2,8.1,,22.7,327
02/12/19,09:00AM,02/12/19-09:00AM,9.3,1012.2,59.8,6.9,,24.0,285
02/12/19,10:00AM,02/12/19-10:00AM,10.0,1013.5,63.1,14.8,,25.6,25
02/12/19,11:00AM,02/12/19-11:00AM,8.8,1014.6,64.0,4.8,,27.9,309
02/12/19,12:00PM,02/12/19-12:00PM,10.0,1016.1,55.2,15.1,,27.7,302
02/12/19,01:00PM,02/12/19-01:00PM,9.7,1014.1,53.4,9.7,,28.1,304
02/12/19,02:00PM,02/12/19-02:00PM,8.2,1014.0,59.9,15.5,,28.4,321
02/12/19,03:00PM,02/12/19-03:00PM,8.0,1013.3,58.0,19.6,,29.1,283
02/12/19,04:00PM,02/12/19-04:00PM,9.0,1012.5,63.7,15.7,,27.3,339
02/12/19,05:00PM,02/12/19-05:00PM,9.4,1010.6,56.4,15.5,,27.5,306
02/12/19,06:00PM,02/12/19-06:00PM,7.9,1011.3,68.0,15.8,,27.4,295
02/12/19,07:00PM,02/12/19-07:00PM,9.2,1012.1,66.6,17.9,,27.1,298
02/12/19,08:00PM,02/12/19-08:00PM,8.2,1011.8,64.8,17.0,,28.2,341
02/12/19,09:00PM,02/12/19-09:00PM,9.3,1012.0,64.1,12.7,,25.9,323
02/12/19,10:00PM,02/12/19-10:00PM,9.2,1014.3,65.5,10.7,,24.0,266
02/12/19,11:00PM,02/12/19-11:00PM,8.8,1013.4,65.4,11.8,,20.6,327
02/13/19,12:00AM,02/13/19-12:00AM,7.9,1013.8,67.4,10.3,,20.8,294
02/13/19,01:00AM,02/13/19-01:00AM,9.6,1015.4,66.9,10.2,,21.4,337
02/13/19,02:00AM,02/13/19-02:00AM,7.8,1012.9,67.4,9.8,,21.7,265
02/13/19,03:00AM,02/13/19-03:00AM,8.4,1012.6,66.8,5.5,,17.2,336
02/13/19,04:00AM,02/13/19-04:00AM,9.5,1011.9,65.2,12.0,,21.8,307
02/13/19,05:00AM,02/13/19-05:00AM,9.6,1009.6,69.8,12.9,,20.5,344
02/13/19,06:00AM,02/13/19-06:00AM,9.8,1011.2,66.4,8.1,,22.6,307
02/13/19,07:00AM,02/13/19-07:00AM,8.4,1011.9,65.4,7.2,,21.8,285
02/13/19,08:00AM,02/13/19-08:00AM,8.3,1013.0,58.6,3.6,,23.6,258
02/13/19,09:00AM,02/13/19-09:00AM,8.7,1012.6,60.8,9.2,,23.5,310
02/13/19,10:00AM,02/13/19-10:00AM,9.8,1014.0,69.9,8.2,,26.4,314
02/13/19,11:00AM,02/13/19-11:00AM,8.6,1014.3,61.7,11.6,,29.4,303
02/13/19,12:00PM,02/13/19-12:00PM,9.6,1013.1,57.8,9.6,,30.1,8
02/13/19,01:00PM,02/13/19-01:00PM,6.0,1014.1,62.9,12.9,,30.3,322
02/13/19,02:00PM,02/13/19-02:00PM,10.0,1014.7,51.6,12.7,,28.9,234
02/13/19,03:00PM,02/13/19-03:00PM,9.3,1014.5,56.1,14.1,,29.7,323
02/13/19,04:00PM,02/13/19-04:00PM,8.1,1012.2,62.0,13.7,,29.1,337
02/13/19,05:00PM,02/13/19-05:00PM,8.6,1011.5,64.2,19.0,,29.7,292
02/13/19,06:00PM,02/13/19-06:00PM,8.5,1011.6,59.8,20.1,,29.7,337
02/13/19,07:00PM,02/13/19-07:00PM,8.8,1012.2,64.0,12.7,,26.1,320
02/13/19,08:00PM,02/13/19-08:00PM,8.7,1012.2,56.9,10.7,,25.6,355
02/13/19,09:00PM,02/13/19-09:00PM,8.7,1013.1,59.0,18.2,,26.1,284
02/13/19,10:00PM,02/13/19-10:00PM,8.5,1014.3,72.0,16.5,,25.0,326
02/13/19,11:00PM,02/13/19-11:00PM,9.5,1016.9,59.8,17.4,,21.0,321
02/14/19,12:00AM,02/14/19-12:00AM,8.2,1013.2,72.9,8.6,,21.4,333
02/14/19,01:00AM,02/14/19-01:00AM,10.0,1014.0,67.5,15.0,,22.2,338
02/14/19,02:00AM,02/14/19-02:00AM,9.9,1012.0,69.1,18.5,,21.6,346
02/14/19,03:00AM,02/14/19-03:00AM,9.4,1013.9,63.7,6.4,,19.6,350
02/14/19,04:00AM,02/14/19-04:00AM,9.0,1012.8,63.7,2.0,,21.5,329
02/14/19,05:00AM,02/14/19-05:00AM,9.1,1012.2,63.0,2.0,,21.1,306
02/14/19,06:00AM,02/14/19-06:00AM,8.1,1010.5,67.9,9.1,,20.3,288
02/14/19,07:00AM,02/14/19-07:00AM,7.8,1011.2,64.2,9.7,,24.5,293
02/14/19,08:00AM,02/14/19-08:00AM,9.2,1011.9,59.8,4.5,,23.2,281
02/14/19,09:00AM,02/14/19-09:00AM,9.6,1012.4,62.9,2.2,,24.9,320
02/14/19,10:00AM,02/14/19-10:00AM,9.6,1014.3,64.2,2.2,,24.4,286
02/14/19,11:00AM,02/14/19-11:00AM,9.2,1014.4,58.0,6.4,,26.9,305
02/14/19,12:00PM,02/14/19-12:00PM,9.3,1014.4,61.0,11.2,,27.7,321
02/14/19,01:00PM,02/14/19-01:00PM,8.9,1014.4,62.7,12.4,,27.2,280
02/14/19,02:00PM,02/14/19-02:00PM,9.6,1014.2,52.3,10.7,,30.4,325
02/14/19,03:00PM,02/14/19-03:00PM,8.6,1012.2,60.0,14.3,,29.1,307
02/14/19,04:00PM,02/14/19-04:00PM,8.5,1011.2,65.4,16.1,,30.9,336
02/14/19,05:00PM,02/14/19-05:00PM,9.4,1013.3,60.5,14.6,,29.0,321
02/14/19,06:00PM,02/14/19-06:00PM,7.5,1012.3,60.5,10.8,,29.9,259
02/14/19,07:00PM,02/14/19-07:00PM,8.5,1010.5,61.1,17.8,,27.6,303
02/14/19,08:00PM,02/14/19-08:00PM,8.3,1011.8,58.9,12.3,,26.1,318
02/14/19,09:00PM,02/14/19-09:00PM,9.0,1012.7,63.5,17.7,,24.8,334
02/14/19,10:00PM,02/14/19-10:00PM,8.1,1012.9,70.5,17.9,,22.7,314
02/14/19,11:00PM,02/14/19-11:00PM,9.8,1013.9,66.3,13.1,,21.9,304
02/15/19,12:00AM,02/15/19-12:00AM,9.8,1016.5,68.9,14.1,,22.5,318
02/15/19,01:00AM,02/15/19-01:00AM,8.6,1015.0,65.9,14.2,,21.6,338
02/15/19,02:00AM,02/15/19-02:00AM,8.4,1014.4,65.1,11.6,,20.0,285
02/15/19,03:00AM,02/15/19-03:00AM,9.1,1013.0,69.6,5.9,,19.9,341
02/15/19,04:00AM,02/15/19-04:00AM,9.5,1012.5,64.5,8.6,,18.5,320
02/15/19,05:00AM,02/15/19-05:00AM,9.8,1010.5,63.1,5.8,,20.1,315
02/15/19,06:00AM,02/15/19-06:00AM,9.4,1012.4,64.9,5.8,,20.8,272
02/15/19,07:00AM,02/15/19-07:00AM,8.4,1010.9,58.4,5.1,,20.9,288
02/15/19,08:00AM,02/15/19-08:00AM,8.5,1012.2,62.7,6.1,,25.1,343
02/15/19,09:00AM,02/15/19-09:00AM,7.4,1012.7,62.6,9.7,,24.8,334
02/15/19,10:00AM,02/15/19-10:00AM,9.2,1014.2,65.8,3.1,,26.1,325
02/15/19,11:00AM,02/15/19-11:00AM,8.8,1013.4,68.9,10.2,,28.4,277
02/15/19,12:00PM,02/15/19-12:00PM,8.9,1014.0,60.7,9.7,,27.4,309
02/15/19,01:00PM,02/15/19-01:00PM,10.0,1013.6,56.8,14.0,,30.1,283
02/15/19,02:00PM,02/15/19-02:00PM,9.2,1012.7,59.8,13.1,,27.1,337
02/15/19,03:00PM,02/15/19-03:00PM,9.2,1013.0,60.7,20.7,,29.3,352
02/15/19,04:00PM,02/15/19-04:00PM,8.6,1013.5,60.6,20.5,,27.4,3
02/15/19,05:00PM,02/15/19-05:00PM,8.9,1013.1,66.2,20.8,,30.8,332
02/15/19,06:00PM,02/15/19-06:00PM,9.3,1012.1,64.2,18.4,,29.4,311
02/15/19,07:00PM,02/15/19-07:00PM,8.7,1012.4,64.8,18.5,,26.7,310
02/15/19,08:00PM,02/15/19-08:00PM,8.8,1011.4,63.2,18.5,,26.3,355
02/15/19,09:00PM,02/15/19-09:00PM,9.9,1013.5,66.7,20.6,,24.0,312
02/15/19,10:00PM,02/15/19-10:00PM,9.7,1013.1,62.1,17.9,,24.2,285
02/15/19,11:00PM,02/15/19-11:00PM,9.9,1014.0,66.3,12.0,,23.4,342
02/16/19,12:00AM,02/16/19-12:00AM,9.4,1015.2,71.3,16.2,,20.7,309
02/16/19,01:00AM,02/16/19-01:00AM,9.6,1012.8,74.0,17.2,,21.1,318
02/16/19,02:00AM,02/16/19-02:00AM,8.8,1013.9,67.5,5.4,,19.1,311
02/16/19,03:00AM,02/16/19-03:00AM,9.7,1013.1,70.8,10.1,,19.6,323
02/16/19,04:00AM,02/16/19-04:00AM,9.2,1011.1,62.3,2.6,,20.4,347
02/16/19,05:00AM,02/16/19-05:00AM,8.6,1011.8,66.1,5.1,,21.6,317
02/16/19,06:00AM,02/16/19-06:00AM,7.2,1012.2,70.5,5.3,,20.7,326
02/16/19,07:00AM,02/16/19-07:00AM,8.4,1010.9,76.5,5.4,,22.4,302
02/16/19,08:00AM,02/16/19-08:00AM,9.9,1014.5,64.4,8.0,,24.2,267
02/16/19,09:00AM,02/16/19-09:00AM,9.9,1013.9,68.9,6.8,,25.9,305
02/16/19,10:00AM,02/16/19-10:00AM,8.3,1013.8,61.8,8.2,,28.0,320
02/16/19,11:00AM,02/16/19-11:00AM,7.8,1013.8,61.1,6.7,,27.3,306
02/16/19,12:00PM,02/16/19-12:00PM,9.2,1015.6,62.8,9.0,,30.9,278
02/16/19,01:00PM,02/16/19-01:00PM,9.1,1014.7,63.0,13.7,,28.4,342
02/16/19,02:00PM,02/16/19-02:00PM,9.2,1014.2,57.9,16.0,,30.9,277
02/16/19,03:00PM,02/16/19-03:00PM,8.8,1012.9,61.6,15.7,,31.9,297
02/16/19,04:00PM,02/16/19-04:00PM,8.0,1011.9,62.7,12.6,,32.1,313
02/16/19,05:00PM,02/16/19-05:00PM,9.3,1011.9,60.5,21.0,,29.2,294
02/16/19,06:00PM,02/16/19-06:00PM,6.5,1011.6,53.2,18.4,,27.3,336
02/16/19,07:00PM,02/16/19-07:00PM,8.8,1011.7,60.7,17.0,,25.7,277
02/16/19,08:00PM,02/16/19-08:00PM,8.5,1011.6,64.3,19.9,,25.8,294
02/16/19,09:00PM,02/16/19-09:00PM,8.9,1013.4,61.7,16.1,,22.8,293
02/16/19,10:00PM,02/16/19-10:00PM,8.0,1015.0,73.2,14.6,,22.8,289
02/16/19,11:00PM,02/16/19-11:00PM,8.2,1013.3,66.1,14.9,,20.3,320
02/17/19,12:00AM,02/17/19-12:00AM,8.8,1014.7,68.9,16.6,,21.9,325
02/17/19,01:00AM,02/17/19-01:00AM,8.9,1014.2,72.7,10.1,,22.0,293
02/17/19,02:00AM,02/17/19-02:00AM,10.0,1015.0,61.1,14.2,,20.0,297
02/17/19,03:00AM,02/17/19-03:00AM,9.4,1013.1,70.9,10.7,,21.8,294
02/17/19,04:00AM,02/17/19-04:00AM,7.6,1011.9,58.6,3.8,,19.8,314
02/17/19,05:00AM,02/17/19-05:00AM,10.0,1012.2,70.9,7.5,,21.4,321
02/17/19,06:00AM,02/17/19-06:00AM,9.1,1010.4,67.4,3.0,,20.3,305
02/17/19,07:00AM,02/17/19-07:00AM,9.1,1012.4,63.4,6.5,,22.8,14
02/17/19,08:00AM,02/17/19-08:00AM,9.7,1012.4,66.6,6.2,,24.7,323
02/17/19,09:00AM,02/17/19-09:00AM,9.0,1014.1,71.1,5.3,,25.4,328
02/17/19,10:00AM,02/17/19-10:00AM,10.0,1012.5,65.6,12.8,,27.6,332
02/17/19,11:00AM,02/17/19-11:00AM,8.9,1014.4,70.2,11.0,,27.7,319
02/17/19,12:00PM,02/17/19-12:00PM,10.0,1013.9,64.6,14.7,,28.7,315
02/17/19,01:00PM,02/17/19-01:00PM,9.4,1015.5,58.1,14.1,,29.6,341
02/17/19,02:00PM,02/17/19-02:00PM,9.6,1015.2,62.6,14.2,,31.3,333
02/17/19,03:00PM,02/17/19-03:00PM,8.4,1012.8,66.2,15.7,,30.5,339
02/17/19,04:00PM,02/17/19-04:00PM,8.5,1011.7,57.2,14.7,,30.4,306
02/17/19,05:00PM,02/17/19-05:00PM,8.7,1012.9,67.4,21.9,,29.6,321
02/17/19,06:00PM,02/17/19-06:00PM,8.5,1012.3,60.0,20.5,,30.0,323
02/17/19,07:00PM,02/17/19-07:00PM,10.0,1012.1,65.1,13.1,,24.7,287
02/17/19,08:00PM,02/17/19-08:00PM,7.6,1012.1,64.5,17.1,,25.6,269
02/17/19,09:00PM,02/17/19-09:00PM,8.7,1012.5,61.6,12.8,,25.1,349
02/17/19,10:00PM,02/17/19-10:00PM,9.8,1012.2,60.3,12.5,,23.9,306
02/17/19,11:00PM,02/17/19-11:00PM,8.2,1014.3,66.5,13.2,,20.7,354
02/18/19,12:00AM,02/18/19-12:00AM,9.0,1016.1,64.8,12.0,,23.4,328
02/18/19,01:00AM,02/18/19-01:00AM,7.3,1013.6,65.0,9.5,,20.9,291
02/18/19,02:00AM,02/18/19-02:00AM,8.4,1013.9,69.3,10.2,,19.5,271
02/18/19,03:00AM,02/18/19-03:00AM,9.2,1013.5,71.0,8.5,,21.7,291
02/18/19,04:00AM,02/18/19-04:00AM,8.4,1013.0,64.2,8.1,,21.3,312
02/18/19,05:00AM,02/18/19-05:00AM,9.4,1010.9,65.8,5.7,,18.9,322
02/18/19,06:00AM,02/18/19-06:00AM,8.0,1010.6,67.8,5.0,,18.8,313
02/18/19,07:00AM,02/18/19-07:00AM,10.0,1011.1,71.2,6.9,,21.5,329
02/18/19,08:00AM,02/18/19-08:00AM,9.9,1012.8,62.3,11.4,,24.8,324
02/18/19,09:00AM,02/18/19-09:00AM,8.5,1013.3,60.7,10.9,,26.0,333
02/18/19,10:00AM,02/18/19-10:00AM,8.8,1012.5,65.6,6.9,,26.7,328
02/18/19,11:00AM,02/18/19-11:00AM,8.3,1014.6,63.0,13.4,,28.5,321
02/18/19,12:00PM,02/18/19-12:00PM,9.4,1014.8,60.0,12.1,,28.3,284
02/18/19,01:00PM,02/18/19-01:00PM,8.1,1014.4,57.9,8.0,,30.8,5
02/18/19,02:00PM,02/18/19-02:00PM,8.8,1013.6,66.9,15.5,,30.9,323
02/18/19,03:00PM,02/18/19-03:00PM,9.5,1012.6,60.3,17.1,,28.9,311
02/18/19,04:00PM,02/18/19-04:00PM,9.0,1011.8,66.3,13.6,,29.8,323
02/18/19,05:00PM,02/18/19-05:00PM,7.9,1012.1,60.8,18.8,,29.4,267
02/18/19,06:00PM,02/18/19-06:00PM,8.2,1010.2,61.8,25.2,,29.6,317
02/18/19,07:00PM,02/18/19-07:00PM,8.0,1012.8,70.8,23.1,,26.4,243
02/18/19,08:00PM,02/18/19-08:00PM,8.8,1009.9,67.8,17.2,,26.2,313
02/18/19,09:00PM,02/18/19-09:00PM,10.0,1012.7,63.1,15.7,,25.7,332
02/18/19,10:00PM,02/18/19-10:00PM,9.1,1013.4,60.0,18.0,,23.1,334
02/18/19,11:00PM,02/18/19-11:00PM,9.5,1013.7,66.8,16.7,,23.6,263
02/19/19,12:00AM,02/19/19-12:00AM,9.9,1014.8,64.0,10.1,,22.4,324
02/19/19,01:00AM,02/19/19-01:00AM,8.3,1013.7,67.0,12.9,,20.0,350
02/19/19,02:00AM,02/19/19-02:00AM,8.2,1015.1,65.0,11.0,,20.1,290
02/19/19,03:00AM,02/19/19-03:00AM,8.8,1013.1,70.8,4.2,,20.3,321
02/19/19,04:00AM,02/19/19-04:00AM,8.2,1011.7,71.7,6.8,,20.1,292
02/19/19,05:00AM,02/19/19-05:00AM,8.4,1011.1,69.5,7.9,,19.4,300
02/19/19,06:00AM,02/19/19-06:00AM,9.0,1011.4,75.9,8.3,,20.5,305
02/19/19,07:00AM,02/19/19-07:00AM,8.6,1011.4,68.5,8.9,,24.6,278
02/19/19,08:00AM,02/19/19-08:00AM,9.0,1011.8,64.4,8.2,,23.2,319
02/19/19,09:00AM,02/19/19-09:00AM,9.0,1012.1,62.4,6.5,,25.7,314
02/19/19,10:00AM,02/19/19-10:00AM,9.7,1014.4,66.0,10.6,,25.7,344
02/19/19,11:00AM,02/19/19-11:00AM,8.3,1014.5,61.6,9.0,,25.2,328
02/19/19,12:00PM,02/19/19-12:00PM,9.8,1014.9,57.8,15.4,,31.0,322
02/19/19,01:00PM,02/19/19-01:00PM,8.4,1013.6,58.1,14.5,,28.3,296
02/19/19,02:00PM,02/19/19-02:00PM,9.2,1013.7,60.4,14.6,,29.9,285
02/19/19,03:00PM,02/19/19-03:00PM,9.4,1011.0,59.4,14.3,,29.0,348
02/19/19,04:00PM,02/19/19-04:00PM,8.1,1012.4,60.3,13.8,,29.3,319
02/19/19,05:00PM,02/19/19-05:00PM,10.0,1010.5,63.1,22.9,,29.2,298
02/19/19,06:00PM,02/19/19-06:00PM,9.4,1011.8,58.7,24.6,,28.0,341
02/19/19,07:00PM,02/19/19-07:00PM,9.5,1012.4,63.7,19.7,,28.1,295
02/19/19,08:00PM,02/19/19-08:00PM,9.5,1012.8,66.1,17.8,,28.3,336
02/19/19,09:00PM,02/19/19-09:00PM,8.4,1013.0,68.1,13.4,,24.6,273
02/19/19,10:00PM,02/19/19-10:00PM,8.4,1013.3,58.4,11.5,,25.2,324
02/19/19,11:00PM,02/19/19-11:00PM,8.8,1015.3,62.2,14.6,,21.7,329
02/20/19,12:00AM,02/20/19-12:00AM,7.6,1015.4,68.2,13.7,,22.0,292
02/20/19,01:00AM,02/20/19-01:00AM,7.9,1015.0,74.0,11.8,,20.0,270
02/20/19,02:00AM,02/20/19-02:00AM,8.4,1015.0,65.0,8.3,,20.1,352
02/20/19,03:00AM,02/20/19-03:00AM,8.8,1013.1,72.2,8.0,,19.9,315
02/20/19,04:00AM,02/20/19-04:00AM,8.1,1011.3,66.1,5.7,,21.7,312
02/20/19,05:00AM,02/20/19-05:00AM,9.6,1012.1,59.6,6.4,,21.5,332
02/20/19,06:00AM,02/20/19-06:00AM,8.6,1012.3,66.7,4.6,,22.0,343
02/20/19,07:00AM,02/20/19-07:00AM,10.0,1012.1,67.1,8.0,,22.2,322
02/20/19,08:00AM,02/20/19-08:00AM,9.4,1012.0,66.5,4.9,,24.8,325
02/20/19,09:00AM,02/20/19-09:00AM,8.3,1013.0,64.4,9.1,,26.1,301
02/20/19,10:00AM,02/20/19-10:00AM,8.8,1014.1,61.9,3.1,,26.5,301
02/20/19,11:00AM,02/20/19-11:00AM,7.3,1014.3,61.0,9.9,,26.8,278
02/20/19,12:00PM,02/20/19-12:00PM,9.7,1014.9,65.1,9.8,,28.8,329
02/20/19,01:00PM,02/20/19-01:00PM,9.0,1014.4,56.1,11.6,,27.7,270
02/20/19,02:00PM,02/20/19-02:00PM,10.0,1014.5,51.9,16.7,,31.1,327
02/20/19,03:00PM,02/20/19-03:00PM,10.0,1013.7,58.6,13.1,,27.6,310
02/20/19,04:00PM,02/20/19-04:00PM,8.9,1012.7,59.3,19.5,,31.3,321
02/20/19,05:00PM,02/20/19-05:00PM,8.5,1012.6,61.8,18.5,,28.3,317
02/20/19,06:00PM,02/20/19-06:00PM,9.4,1012.2,59.3,14.0,,27.8,281
02/20/19,07:00PM,02/20/19-07:00PM,9.7,1011.4,64.7,15.3,,27.0,305
02/20/19,08:00PM,02/20/19-08:00PM,9.1,1011.8,57.9,17.4,,27.1,359
02/20/19,09:00PM,02/20/19-09:00PM,9.7,1012.6,66.2,17.7,,24.4,338
02/20/19,10:00PM,02/20/19-10:00PM,8.3,1014.1,63.4,18.4,,24.8,339
02/20/19,11:00PM,02/20/19-11:00PM,9.5,1013.0,69.3,12.6,,23.8,341
02/21/19,12:00AM,02/21/19-12:00AM,9.8,1013.2,64.6,8.4,,22.6,285
02/21/19,01:00AM,02/21/19-01:00AM,7.5,1014.0,64.3,13.4,,19.5,302
02/21/19,02:00AM,02/21/19-02:00AM,7.8,1014.6,68.3,9.7,,21.7,306
02/21/19,03:00AM,02/21/19-03:00AM,8.0,1013.5,65.3,4.4,,19.3,331
02/21/19,04:00AM,02/21/19-04:00AM,10.0,1011.3,70.3,10.0,,22.8,330
02/21/19,05:00AM,02/21/19-05:00AM,9.3,1011.0,71.2,5.6,,20.2,284
02/21/19,06:00AM,02/21/19-06:00AM,8.6,1011.3,65.1,10.9,,18.8,299
02/21/19,07:00AM,02/21/19-07:00AM,8.4,1010.8,72.1,5.2,,23.7,336
02/21/19,08:00AM,02/21/19-08:00AM,10.0,1011.6,59.1,2.5,,23.4,250
02/21/19,09:00AM,02/21/19-09:00AM,8.5,1013.5,60.9,6.3,,23.7,306
02/21/19,10:00AM,02/21/19-10:00AM,8.8,1013.7,64.2,7.7,,25.1,267
02/21/19,11:00AM,02/21/19-11:00AM,9.2,1016.0,53.0,4.9,,29.5,304
02/21/19,12:00PM,02/21/19-12:00PM,9.5,1014.4,56.6,16.1,,28.3,292
02/21/19,01:00PM,02/21/19-01:00PM,10.0,1013.7,58.9,16.0,,28.9,323
02/21/19,02:00PM,02/21/19-02:00PM,9.4,1013.7,61.3,14.1,,30.1,254
02/21/19,03:00PM,02/21/19-03:00PM,9.1,1013.0,63.5,15.9,,30.6,307
02/21/19,04:00PM,02/21/19-04:00PM,8.1,1012.0,59.0,11.8,,28.4,253
02/21/19,05:00PM,02/21/19-05:00PM,9.5,1011.8,59.5,18.6,,29.6,292
02/21/19,06:00PM,02/21/19-06:00PM,8.9,1012.4,63.2,18.8,,27.6,288
02/21/19,07:00PM,02/21/19-07:00PM,9.1,1011.9,57.3,16.1,,27.5,271
02/21/19,08:00PM,02/21/19-08:00PM,8.3,1011.8,61.3,19.3,,26.4,307
02/21/19,09:00PM,02/21/19-09:00PM,9.0,1012.9,66.1,12.0,,28.9,313
02/21/19,10:00PM,02/21/19-10:00PM,7.4,1013.6,64.8,18.0,,25.2,317
02/21/19,11:00PM,02/21/19-11:00PM,8.6,1012.2,74.1,17.8,,26.0,350
02/22/19,12:00AM,02/22/19-12:00AM,9.6,1014.7,63.3,12.6,,21.1,323
02/22/19,01:00AM,02/22/19-01:00AM,9.9,1015.0,62.6,9.8,,21.9,340
02/22/19,02:00AM,02/22/19-02:00AM,8.3,1014.4,69.3,11.6,,20.5,292
02/22/19,03:00AM,02/22/19-03:00AM,8.5,1013.3,63.3,6.8,,21.8,321
02/22/19,04:00AM,02/22/19-04:00AM,9.8,1012.9,68.9,6.3,,17.7,350
02/22/19,05:00AM,02/22/19-05:00AM,9.2,1011.8,63.6,11.7,,19.0,307
02/22/19,06:00AM,02/22/19-06:00AM,8.1,1010.3,67.2,6.6,,19.4,315
02/22/19,07:00AM,02/22/19-07:00AM,9.6,1012.2,68.4,7.7,,23.6,299
02/22/19,08:00AM,02/22/19-08:00AM,9.3,1012.2,64.5,6.6,,22.7,325
02/22/19,09:00AM,02/22/19-09:00AM,9.9,1012.5,65.1,10.3,,25.4,276
02/22/19,10:00AM,02/22/19-10:00AM,9.7,1013.9,58.0,6.1,,26.7,316
02/22/19,11:00AM,02/22/19-11:00AM,9.6,1015.1,65.8,13.4,,27.2,309
02/22/19,12:00PM,02/22/19-12:00PM,9.0,1014.9,68.9,11.6,,29.7,299
02/22/19,01:00PM,02/22/19-01:00PM,10.0,1014.7,63.8,10.0,,29.1,304
02/22/19,02:00PM,02/22/19-02:00PM,9.6,1012.8,66.6,20.3,,31.1,325
02/22/19,03:00PM,02/22/19-03:00PM,8.8,1013.3,59.7,18.4,,29.2,350
02/22/19,04:00PM,02/22/19-04:00PM,9.3,1012.6,61.8,20.1,,30.4,251
02/22/19,05:00PM,02/22/19-05:00PM,8.8,1010.6,65.1,9.3,,30.1,302
02/22/19,06:00PM,02/22/19-06:00PM,8.3,1011.4,57.4,20.1,,26.7,319
02/22/19,07:00PM,02/22/19-07:00PM,9.2,1012.4,60.7,19.0,,27.7,344
02/22/19,08:00PM,02/22/19-08:00PM,10.0,1013.1,61.0,17.7,,25.9,334
02/22/19,09:00PM,02/22/19-09:00PM,8.7,1014.2,65.9,17.0,,24.1,306
02/22/19,10:00PM,02/22/19-10:00PM,8.8,1012.7,65.8,12.4,,26.7,322
02/22/19,11:00PM,02/22/19-11:00PM,8.4,1013.6,62.7,11.1,,23.6,258
02/23/19,12:00AM,02/23/19-12:00AM,9.3,1015.5,65.8,14.8,,22.8,285
02/23/19,01:00AM,02/23/19-01:00AM,8.5,1015.4,66.4,13.2,,22.9,268
02/23/19,02:00AM,02/23/19-02:00AM,9.5,1013.8,70.5,12.1,,21.0,324
02/23/19,03:00AM,02/23/19-03:00AM,8.2,1013.5,70.8,10.9,,19.3,303
02/23/19,04:00AM,02/23/19-04:00AM,10.0,1011.8,63.5,6.3,,21.9,295
02/23/19,05:00AM,02/23/19-05:00AM,9.9,1011.9,65.7,2.0,,19.5,326
02/23/19,06:00AM,02/23/19-06:00AM,9.3,1011.3,62.9,5.2,,20.0,300
02/23/19,07:00AM,02/23/19-07:00AM,8.8,1010.7,69.1,10.7,,22.9,288
02/23/19,08:00AM,02/23/19-08:00AM,10.0,1011.2,72.2,7.9,,24.5,293
02/23/19,09:00AM,02/23/19-09:00AM,9.2,1013.3,60.6,4.2,,24.2,302
02/23/19,10:00AM,02/23/19-10:00AM,9.2,1012.8,61.9,2.0,,25.8,330
02/23/19,11:00AM,02/23/19-11:00AM,9.9,1015.3,62.2,11.2,,26.6,305
02/23/19,12:00PM,02/23/19-12:00PM,8.2,1013.5,56.6,11.4,,29.1,281
02/23/19,01:00PM,02/23/19-01:00PM,10.0,1013.3,65.5,14.5,,29.3,297
02/23/19,02:00PM,02/23/19-02:00PM,9.3,1014.6,58.2,18.6,,29.3,286
02/23/19,03:00PM,02/23/19-03:00PM,9.6,1012.5,62.8,13.2,,29.9,332
02/23/19,04:00PM,02/23/19-04:00PM,8.2,1013.0,62.7,20.4,,31.1,312
02/23/19,05:00PM,02/23/19-05:00PM,8.8,1010.7,57.9,19.2,,29.2,326
02/23/19,06:00PM,02/23/19-06:00PM,9.7,1011.6,67.0,21.0,,28.4,281
02/23/19,07:00PM,02/23/19-07:00PM,8.4,1012.0,64.0,15.8,,27.1,347
02/23/19,08:00PM,02/23/19-08:00PM,9.8,1011.7,66.5,19.3,,28.2,281
02/23/19,09:00PM,02/23/19-09:00PM,10.0,1011.8,59.2,13.5,,25.7,322
02/23/19,10:00PM,02/23/19-10:00PM,8.8,1014.5,65.3,17.2,,25.2,313
02/23/19,11:00PM,02/23/19-11:00PM,10.0,1014.4,61.6,15.9,,22.9,312
02/24/19,12:00AM,02/24/19-12:00AM,7.7,1015.4,75.8,15.7,,19.6,272
02/24/19,01:00AM,02/24/19-01:00AM,7.8,1015.2,68.0,7.5,,20.2,288
02/24/19,02:00AM,02/24/19-02:00AM,9.2,1013.3,65.4,9.4,,20.4,286
02/24/19,03:00AM,02/24/19-03:00AM,8.7,1012.3,61.8,10.1,,21.5,324
02/24/19,04:00AM,02/24/19-04:00AM,8.9,1011.5,75.2,6.5,,17.3,298
02/24/19,05:00AM,02/24/19-05:00AM,8.9,1014.2,71.8,6.7,,21.5,328
02/24/19,06:00AM,02/24/19-06:00AM,9.8,1010.5,62.3,2.0,,22.9,282
02/24/19,07:00AM,02/24/19-07:00AM,9.3,1011.5,66.7,5.5,,21.3,278
02/24/19,08:00AM,02/24/19-08:00AM,10.0,1012.7,62.9,7.1,,21.9,278
02/24/19,09:00AM,02/24/19-09:00AM,9.3,1011.9,68.5,8.8,,28.8,314
02/24/19,10:00AM,02/24/19-10:00AM,9.2,1014.1,63.8,10.9,,26.3,329
02/24/19,11:00AM,02/24/19-11:00AM,9.1,1013.8,55.6,13.1,,26.6,286
02/24/19,12:00PM,02/24/19-12:00PM,10.0,1014.3,63.2,16.0,,28.7,323
02/24/19,01:00PM,02/24/19-01:00PM,8.7,1014.4,65.0,11.3,,30.5,293
02/24/19,02:00PM,02/24/19-02:00PM,9.2,1013.0,61.3,19.7,,28.9,290
02/24/19,03:00PM,02/24/19-03:00PM,9.2,1012.8,64.6,15.5,,31.6,307
02/24/19,04:00PM,02/24/19-04:00PM,9.2,1011.4,54.2,22.2,,27.8,338
02/24/19,05:00PM,02/24/19-05:00PM,7.5,1012.8,63.9,21.5,,29.2,287
02/24/19,06:00PM,02/24/19-06:00PM,9.5,1012.3,54.9,16.6,,28.6,328
02/24/19,07:00PM,02/24/19-07:00PM,8.9,1011.9,64.6,23.4,,29.3,322
02/24/19,08:00PM,02/24/19-08:00PM,9.1,1013.5,59.2,17.5,,26.1,269
02/24/19,09:00PM,02/24/19-09:00PM,10.0,1012.2,61.8,14.6,,24.9,293
02/24/19,10:00PM,02/24/19-10:00PM,9.7,1012.9,64.4,17.6,,23.3,279
02/24/19,11:00PM,02/24/19-11:00PM,9.2,1013.9,73.3,13.8,,19.6,309
02/25/19,12:00AM,02/25/19-12:00AM,8.6,1013.6,69.5,8.9,,20.9,284
02/25/19,01:00AM,02/25/19-01:00AM,8.8,1013.3,72.0,13.4,,23.4,301
02/25/19,02:00AM,02/25/19-02:00AM,9.0,1012.9,67.3,4.9,,20.0,324
02/25/19,03:00AM,02/25/19-03:00AM,8.4,1014.2,63.4,2.0,,20.9,324
02/25/19,04:00AM,02/25/19-04:00AM,9.5,1012.4,64.1,6.5,,19.8,280
02/25/19,05:00AM,02/25/19-05:00AM,8.0,1011.5,61.2,5.5,,21.0,322
02/25/19,06:00AM,02/25/19-06:00AM,9.9,1011.3,71.9,7.2,,21.1,342
02/25/19,07:00AM,02/25/19-07:00AM,8.7,1011.0,64.7,6.4,,21.5,309
02/25/19,08:00AM,02/25/19-08:00AM,8.0,1011.5,69.1,4.8,,24.2,301
02/25/19,09:00AM,02/25/19-09:00AM,9.6,1012.9,59.8,5.4,,24.1,246
02/25/19,10:00AM,02/25/19-10:00AM,8.8,1014.1,63.8,8.3,,27.5,325
02/25/19,11:00AM,02/25/19-11:00AM,10.0,1014.9,57.2,10.5,,28.3,323
02/25/19,12:00PM,02/25/19-12:00PM,8.2,1015.5,62.3,10.4,,27.6,275
02/25/19,01:00PM,02/25/19-01:00PM,10.0,1014.1,61.4,15.5,,28.4,309
02/25/19,02:00PM,02/25/19-02:00PM,10.0,1014.5,57.2,18.1,,31.3,308
02/25/19,03:00PM,02/25/19-03:00PM,8.5,1012.5,67.2,17.0,,31.3,336
02/25/19,04:00PM,02/25/19-04:00PM,9.0,1012.2,62.1,18.6,,29.4,293
02/25/19,05:00PM,02/25/19-05:00PM,9.1,1011.8,62.9,16.6,,29.1,308
02/25/19,06:00PM,02/25/19-06:00PM,8.3,1011.7,60.9,12.5,,28.2,274
02/25/19,07:00PM,02/25/19-07:00PM,9.1,1011.1,62.5,16.8,,29.2,284
02/25/19,08:00PM,02/25/19-08:00PM,8.2,1011.7,67.3,19.2,,27.3,322
02/25/19,09:00PM,02/25/19-09:00PM,8.4,1012.0,67.7,13.4,,25.6,3
02/25/19,10:00PM,02/25/19-10:00PM,8.4,1013.1,64.6,13.3,,22.6,295
02/25/19,11:00PM,02/25/19-11:00PM,8.6,1013.2,67.8,14.5,,21.2,301
02/26/19,12:00AM,02/26/19-12:00AM,9.2,1014.2,69.0,11.9,,22.6,324
02/26/19,01:00AM,02/26/19-01:00AM,9.1,1014.7,65.6,13.4,,22.7,281
02/26/19,02:00AM,02/26/19-02:00AM,8.5,1014.1,68.0,7.4,,16.9,334
02/26/19,03:00AM,02/26/19-03:00AM,8.4,1013.9,70.8,7.2,,18.1,322
02/26/19,04:00AM,02/26/19-04:00AM,9.2,1012.1,67.5,2.0,,20.9,337
02/26/19,05:00AM,02/26/19-05:00AM,8.6,1012.7,61.9,6.9,,20.4,288
02/26/19,06:00AM,02/26/19-06:00AM,9.7,1012.1,65.6,2.8,,20.3,310
02/26/19,07:00AM,02/26/19-07:00AM,8.0,1014.2,68.8,8.9,,23.3,289
02/26/19,08:00AM,02/26/19-08:00AM,7.9,1012.5,65.5,7.7,,22.1,299
02/26/19,09:00AM,02/26/19-09:00AM,9.3,1012.7,60.3,5.3,,26.1,296
02/26/19,10:00AM,02/26/19-10:00AM,8.9,1013.1,64.6,7.9,,25.8,324
02/26/19,11:00AM,02/26/19-11:00AM,8.7,1014.7,53.7,5.5,,29.5,312
02/26/19,12:00PM,02/26/19-12:00PM,9.0,1015.2,64.2,10.0,,28.3,268
02/26/19,01:00PM,02/26/19-01:00PM,8.0,1015.0,56.6,17.0,,30.5,307
02/26/19,02:00PM,02/26/19-02:00PM,8.9,1013.6,62.1,16.0,,29.3,284
02/26/19,03:00PM,02/26/19-03:00PM,8.5,1012.2,60.6,13.4,,28.8,321
02/26/19,04:00PM,02/26/19-04:00PM,8.5,1012.8,65.0,14.7,,29.1,264
02/26/19,05:00PM,02/26/19-05:00PM,9.8,1010.8,60.0,20.0,,29.4,310
02/26/19,06:00PM,02/26/19-06:00PM,9.4,1011.5,60.9,11.0,,26.7,283
02/26/19,07:00PM,02/26/19-07:00PM,9.0,1011.9,64.5,18.6,,28.8,314
02/26/19,08:00PM,02/26/19-08:00PM,9.7,1012.8,64.4,19.9,,26.3,265
02/26/19,09:00PM,02/26/19-09:00PM,9.2,1010.8,60.5,18.5,,22.2,293
02/26/19,10:00PM,02/26/19-10:00PM,7.3,1014.5,61.8,13.6,,21.9,327
02/26/19,11:00PM,02/26/19-11:00PM,8.8,1014.4,66.1,18.3,,21.1,304
02/27/19,12:00AM,02/27/19-12:00AM,7.7,1013.7,66.5,15.1,,20.1,321
02/27/19,01:00AM,02/27/19-01:00AM,9.9,1015.0,73.7,14.8,,20.9,336
02/27/19,02:00AM,02/27/19-02:00AM,8.7,1013.3,70.8,12.7,,19.9,320
02/27/19,03:00AM,02/27/19-03:00AM,8.5,1012.3,68.8,7.5,,20.5,307
02/27/19,04:00AM,02/27/19-04:00AM,9.5,1011.8,65.9,2.0,,19.3,2
02/27/19,05:00AM,02/27/19-05:00AM,8.9,1011.4,64.1,5.8,,21.8,2
02/27/19,06:00AM,02/27/19-06:00AM,9.4,1011.5,67.2,2.0,,20.6,335
02/27/19,07:00AM,02/27/19-07:00AM,7.8,1012.1,63.7,3.5,,21.5,338
02/27/19,08:00AM,02/27/19-08:00AM,7.6,1010.9,64.8,8.5,,24.3,276
02/27/19,09:00AM,02/27/19-09:00AM,8.9,1012.7,63.4,5.3,,23.8,281
02/27/19,10:00AM,02/27/19-10:00AM,9.6,1013.6,63.4,10.6,,27.4,321
02/27/19,11:00AM,02/27/19-11:00AM,8.0,1014.1,61.8,10.0,,29.3,319
02/27/19,12:00PM,02/27/19-12:00PM,8.6,1015.2,62.2,12.2,,29.7,331
02/27/19,01:00PM,02/27/19-01:00PM,10.0,1015.0,60.9,12.8,,28.3,305
02/27/19,02:00PM,02/27/19-02:00PM,8.1,1014.3,60.4,18.1,,29.2,303
02/27/19,03:00PM,02/27/19-03:00PM,8.0,1012.9,54.3,18.5,,30.7,316
02/27/19,04:00PM,02/27/19-04:00PM,9.6,1012.2,59.4,17.9,,29.6,338
02/27/19,05:00PM,02/27/19-05:00PM,10.0,1011.4,62.2,16.2,,31.0,299
02/27/19,06:00PM,02/27/19-06:00PM,8.3,1011.6,58.0,22.0,,30.2,325
02/27/19,07:00PM,02/27/19-07:00PM,8.9,1011.4,59.3,16.6,,28.9,297
02/27/19,08:00PM,02/27/19-08:00PM,8.7,1011.2,63.8,15.3,,28.2,297
02/27/19,09:00PM,02/27/19-09:00PM,7.9,1012.0,53.2,16.4,,24.0,302
02/27/19,10:00PM,02/27/19-10:00PM,9.1,1013.8,68.8,15.7,,23.0,251
02/27/19,11:00PM,02/27/19-11:00PM,9.3,1013.7,65.0,12.0,,23.2,280
02/28/19,12:00AM,02/28/19-12:00AM,8.8,1014.4,60.8,11.8,,23.6,306
02/28/19,01:00AM,02/28/19-01:00AM,8.2,1014.4,68.7,12.7,,19.6,341
02/28/19,02:00AM,02/28/19-02:00AM,7.8,1013.6,67.5,5.1,,19.9,319
02/28/19,03:00AM,02/28/19-03:00AM,8.3,1013.8,64.5,8.1,,20.6,347
02/28/19,04:00AM,02/28/19-04:00AM,9.7,1013.9,67.9,4.0,,20.1,312
02/28/19,05:00AM,02/28/19-05:00AM,7.7,1012.1,67.7,5.7,,18.0,286
02/28/19,06:00AM,02/28/19-06:00AM,10.0,1013.1,69.0,10.4,,20.8,309
02/28/19,07:00AM,02/28/19-07:00AM,9.1,1011.0,68.2,9.1,,22.0,308
02/28/19,08:00AM,02/28/19-08:00AM,10.0,1012.4,63.9,11.1,,23.3,315
02/28/19,09:00AM,02/28/19-09:00AM,8.9,1012.0,59.7,6.2,,23.8,298
02/28/19,10:00AM,02/28/19-10:00AM,8.0,1013.5,63.3,11.4,,26.0,281
02/28/19,11:00AM,02/28/19-11:00AM,9.6,1014.2,64.4,12.4,,24.9,313
02/28/19,12:00PM,02/28/19-12:00PM,8.7,1014.2,63.0,14.4,,27.4,1
02/28/19,01:00PM,02/28/19-01:00PM,8.5,1013.8,63.7,13.9,,28.7,276
02/28/19,02:00PM,02/28/19-02:00PM,7.9,1014.7,63.3,13.6,,29.8,284
02/28/19,03:00PM,02/28/19-03:00PM,9.2,1012.7,62.7,21.2,,30.9,296
02/28/19,04:00PM,02/28/19-04:00PM,9.4,1011.0,55.4,17.0,,29.1,341
02/28/19,05:00PM,02/28/19-05:00PM,9.2,1012.3,57.4,22.3,,29.9,316
02/28/19,06:00PM,02/28/19-06:00PM,9.2,1012.3,61.5,20.9,,28.2,324
02/28/19,07:00PM,02/28/19-07:00PM,10.0,1012.3,57.2,17.9,,25.9,312
02/28/19,08:00PM,02/28/19-08:00PM,9.3,1012.6,69.1,14.1,,26.5,313
02/28/19,09:00PM,02/28/19-09:00PM,8.8,1011.0,62.6,20.2,,25.5,327
02/28/19,10:00PM,02/28/19-10:00PM,8.1,1013.3,62.5,18.9,,25.4,309
02/28/19,11:00PM,02/28/19-11:00PM,8.9,1014.2,64.0,9.2,,22.4,292
03/01/19,12:00AM,03/01/19-12:00AM,8.7,1013.8,72.1,7.9,,25.8,311
03/01/19,01:00AM,03/01/19-01:00AM,10.0,1015.3,73.7,10.3,,26.0,325
03/01/19,02:00AM,03/01/19-02:00AM,10.0,1014.0,73.3,7.7,,24.4,320
03/01/19,03:00AM,03/01/19-03:00AM,8.6,1012.6,69.2,4.9,,22.1,335
03/01/19,04:00AM,03/01/19-04:00AM,8.9,1012.0,72.6,11.8,,23.4,303
03/01/19,05:00AM,03/01/19-05:00AM,9.1,1011.4,84.2,3.4,,25.5,288
03/01/19,06:00AM,03/01/19-06:00AM,10.0,1011.9,75.0,4.0,,25.4,289
03/01/19,07:00AM,03/01/19-07:00AM,9.1,1011.3,82.4,2.0,,27.1,290
03/01/19,08:00AM,03/01/19-08:00AM,7.9,1012.1,70.6,13.4,,29.1,306
03/01/19,09:00AM,03/01/19-09:00AM,10.0,1011.5,66.6,8.5,,29.3,327
03/01/19,10:00AM,03/01/19-10:00AM,10.0,1014.0,68.7,7.8,,30.5,330
03/01/19,11:00AM,03/01/19-11:00AM,9.1,1013.1,76.5,13.4,,31.4,332
03/01/19,12:00PM,03/01/19-12:00PM,9.8,1014.9,72.7,12.7,,32.9,304
03/01/19,01:00PM,03/01/19-01:00PM,8.4,1015.4,63.4,17.9,,33.2,292
03/01/19,02:00PM,03/01/19-02:00PM,10.0,1014.1,70.6,14.6,,34.5,358
03/01/19,03:00PM,03/01/19-03:00PM,9.5,1011.1,69.9,12.0,,33.8,323
03/01/19,04:00PM,03/01/19-04:00PM,7.8,1012.7,71.5,19.1,,33.9,292
03/01/19,05:00PM,03/01/19-05:00PM,10.0,1010.7,70.6,22.0,,30.9,312
03/01/19,06:00PM,03/01/19-06:00PM,9.5,1010.6,71.1,21.7,,32.4,314
03/01/19,07:00PM,03/01/19-07:00PM,7.9,1012.3,68.2,15.7,,30.5,332
03/01/19,08:00PM,03/01/19-08:00PM,8.5,1012.6,70.2,11.3,,29.5,341
03/01/19,09:00PM,03/01/19-09:00PM,8.7,1013.8,66.3,20.7,,28.7,290
03/01/19,10:00PM,03/01/19-10:00PM,8.6,1013.7,71.0,10.2,,27.4,325
03/01/19,11:00PM,03/01/19-11:00PM,10.0,1014.0,73.3,20.6,,27.6,309
03/02/19,12:00AM,03/02/19-12:00AM,9.2,1013.7,78.8,9.2,,25.9,347
03/02/19,01:00AM,03/02/19-01:00AM,9.4,1013.6,76.2,10.8,,24.5,275
03/02/19,02:00AM,03/02/19-02:00AM,8.9,1014.2,78.1,10.3,,23.1,312
03/02/19,03:00AM,03/02/19-03:00AM,8.4,1011.0,78.5,7.0,,21.5,302
03/02/19,04:00AM,03/02/19-04:00AM,9.2,1011.8,72.9,4.3,,24.2,311
03/02/19,05:00AM,03/02/19-05:00AM,9.1,1011.7,72.7,8.2,,26.9,280
03/02/19,06:00AM,03/02/19-06:00AM,8.1,1013.6,68.0,11.2,,24.0,282
03/02/19,07:00AM,03/02/19-07:00AM,9.0,1011.6,75.4,4.8,,27.8,313
03/02/19,08:00AM,03/02/19-08:00AM,8.8,1014.0,73.4,6.8,,27.2,282
03/02/19,09:00AM,03/02/19-09:00AM,9.0,1014.1,70.9,5.5,,28.1,268
03/02/19,10:00AM,03/02/19-10:00AM,9.1,1015.2,69.9,6.4,,32.1,288
03/02/19,11:00AM,03/02/19-11:00AM,10.0,1014.4,67.5,9.0,,32.4,286
03/02/19,12:00PM,03/02/19-12:00PM,9.3,1014.3,69.5,10.9,,31.8,338
03/02/19,01:00PM,03/02/19-01:00PM,8.2,1015.4,69.0,12.5,,33.8,288
03/02/19,02:00PM,03/02/19-02:00PM,8.8,1013.8,66.9,14.8,,32.8,277
03/02/19,03:00PM,03/02/19-03:00PM,9.2,1014.3,67.3,18.7,,35.2,298
03/02/19,04:00PM,03/02/19-04:00PM,9.3,1012.9,67.4,18.2,,35.7,264
03/02/19,05:00PM,03/02/19-05:00PM,8.5,1010.7,62.9,16.4,,32.4,283
03/02/19,06:00PM,03/02/19-06:00PM,7.6,1010.7,74.4,20.6,,34.3,290
03/02/19,07:00PM,03/02/19-07:00PM,7.4,1011.9,72.6,17.0,,31.2,334
03/02/19,08:00PM,03/02/19-08:00PM,8.0,1012.1,76.3,20.0,,30.6,312
03/02/19,09:00PM,03/02/19-09:00PM,8.4,1014.3,67.1,16.3,,30.1,322
03/02/19,10:00PM,03/02/19-10:00PM,9.5,1014.0,73.9,11.7,,28.2,332
03/02/19,11:00PM,03/02/19-11:00PM,9.1,1013.5,74.7,18.0,,24.9,295
03/03/19,12:00AM,03/03/19-12:00AM,9.2,1013.1,71.7,12.4,,25.1,315
03/03/19,01:00AM,03/03/19-01:00AM,9.2,1013.7,78.2,16.3,,24.2,320
03/03/19,02:00AM,03/03/19-02:00AM,9.3,1013.3,74.5,11.4,,24.5,274
03/03/19,03:00AM,03/03/19-03:00AM,8.0,1013.4,72.5,9.1,,24.9,279
03/03/19,04:00AM,03/03/19-04:00AM,8.6,1012.4,74.4,3.3,,26.5,314
03/03/19,05:00AM,03/03/19-05:00AM,8.9,1011.3,71.2,9.9,,26.2,295
03/03/19,06:00AM,03/03/19-06:00AM,8.3,1011.9,73.8,8.1,,25.1,282
03/03/19,07:00AM,03/03/19-07:00AM,9.3,1011.0,71.7,8.1,,26.6,323
03/03/19,08:00AM,03/03/19-08:00AM,7.6,1013.2,70.1,3.1,,29.1,323
03/03/19,09:00AM,03/03/19-09:00AM,8.8,1014.3,72.1,5.8,,28.8,305
03/03/19,10:00AM,03/03/19-10:00AM,10.0,1012.6,75.2,12.0,,27.9,348
03/03/19,11:00AM,03/03/19-11:00AM,7.4,1014.7,74.1,11.6,,31.0,298
03/03/19,12:00PM,03/03/19-12:00PM,10.0,1013.7,70.4,13.1,,31.9,319
03/03/19,01:00PM,03/03/19-01:00PM,8.5,1014.4,73.5,13.2,,33.5,287
03/03/19,02:00PM,03/03/19-02:00PM,9.9,1012.9,63.8,18.1,,32.9,314
03/03/19,03:00PM,03/03/19-03:00PM,8.7,1014.3,67.6,13.9,,32.9,301
03/03/19,04:00PM,03/03/19-04:00PM,7.6,1013.3,69.3,17.1,,33.2,351
03/03/19,05:00PM,03/03/19-05:00PM,9.6,1011.2,68.9,19.6,,32.0,303
03/03/19,06:00PM,03/03/19-06:00PM,10.0,1011.7,76.1,16.5,,34.4,271
03/03/19,07:00PM,03/03/19-07:00PM,9.9,1011.1,62.2,18.7,,32.3,308
03/03/19,08:00PM,03/03/19-08:00PM,9.5,1011.1,67.8,16.9,,28.1,262
03/03/19,09:00PM,03/03/19-09:00PM,9.1,1012.3,78.7,14.5,,28.8,241
03/03/19,10:00PM,03/03/19-10:00PM,10.0,1013.7,73.1,12.2,,29.1,312
03/03/19,11:00PM,03/03/19-11:00PM,9.7,1015.0,72.8,13.7,,27.3,308
03/04/19,12:00AM,03/04/19-12:00AM,8.9,1015.4,73.3,9.4,,25.7,346
03/04/19,01:00AM,03/04/19-01:00AM,8.8,1013.7,79.2,15.2,,24.6,307
03/04/19,02:00AM,03/04/19-02:00AM,8.4,1013.0,80.4,6.9,,23.3,268
03/04/19,03:00AM,03/04/19-03:00AM,10.0,1012.1,78.2,11.2,,22.5,335
03/04/19,04:00AM,03/04/19-04:00AM,8.1,1013.0,74.7,8.0,,24.3,354
03/04/19,05:00AM,03/04/19-05:00AM,10.0,1010.5,75.0,5.9,,25.0,317
03/04/19,06:00AM,03/04/19-06:00AM,9.1,1011.8,72.8,9.8,,26.2,5
03/04/19,07:00AM,03/04/19-07:00AM,8.4,1013.3,71.5,5.3,,27.5,301
03/04/19,08:00AM,03/04/19-08:00AM,9.8,1013.2,73.4,10.7,,28.5,299
03/04/19,09:00AM,03/04/19-09:00AM,7.6,1012.8,74.1,5.4,,27.0,302
03/04/19,10:00AM,03/04/19-10:00AM,9.4,1013.9,75.0,9.9,,28.6,318
03/04/19,11:00AM,03/04/19-11:00AM,8.5,1012.6,73.3,15.4,,32.6,327
03/04/19,12:00PM,03/04/19-12:00PM,9.3,1014.4,70.2,16.7,,33.6,319
03/04/19,01:00PM,03/04/19-01:00PM,9.2,1014.8,65.0,7.7,,32.3,290
03/04/19,02:00PM,03/04/19-02:00PM,9.2,1013.6,67.2,14.9,,32.8,302
03/04/19,03:00PM,03/04/19-03:00PM,10.0,1012.8,64.9,22.4,,34.1,297
03/04/19,04:00PM,03/04/19-04:00PM,8.0,1012.5,68.9,16.2,,32.1,305
03/04/19,05:00PM,03/04/19-05:00PM,9.2,1011.6,63.3,16.3,,32.5,331
03/04/19,06:00PM,03/04/19-06:00PM,9.3,1011.8,71.0,9.0,,33.1,13
03/04/19,07:00PM,03/04/19-07:00PM,9.1,1011.0,67.8,13.9,,31.1,315
03/04/19,08:00PM,03/04/19-08:00PM,8.1,1013.2,65.7,18.9,,31.0,300
03/04/19,09:00PM,03/04/19-09:00PM,8.9,1012.6,77.5,15.5,,27.5,304
03/04/19,10:00PM,03/04/19-10:00PM,8.9,1013.9,76.2,17.2,,28.7,345
03/04/19,11:00PM,03/04/19-11:00PM,9.7,1014.6,74.5,9.3,,28.9,321
03/05/19,12:00AM,03/05/19-12:00AM,9.2,1013.9,76.6,12.3,,24.6,265
03/05/19,01:00AM,03/05/19-01:00AM,8.5,1014.8,77.2,10.9,,25.5,314
03/05/19,02:00AM,03/05/19-02:00AM,8.3,1012.4,72.8,7.9,,22.7,321
03/05/19,03:00AM,03/05/19-03:00AM,8.6,1012.7,79.1,11.7,,22.9,292
03/05/19,04:00AM,03/05/19-04:00AM,8.5,1011.7,70.2,9.0,,25.0,272
03/05/19,05:00AM,03/05/19-05:00AM,8.6,1011.1,70.9,5.3,,24.6,344
03/05/19,06:00AM,03/05/19-06:00AM,7.1,1012.5,78.5,7.7,,24.7,298
03/05/19,07:00AM,03/05/19-07:00AM,8.7,1009.6,79.5,11.6,,26.7,295
03/05/19,08:00AM,03/05/19-08:00AM,9.2,1012.5,69.7,3.8,,26.1,282
03/05/19,09:00AM,03/05/19-09:00AM,8.6,1013.4,69.4,12.2,,28.9,271
03/05/19,10:00AM,03/05/19-10:00AM,7.3,1014.6,73.6,9.8,,31.9,307
03/05/19,11:00AM,03/05/19-11:00AM,8.3,1014.6,70.8,10.0,,32.4,301
03/05/19,12:00PM,03/05/19-12:00PM,8.8,1015.0,64.8,10.5,,33.5,316
03/05/19,01:00PM,03/05/19-01:00PM,8.9,1014.3,75.7,12.4,,33.7,265
03/05/19,02:00PM,03/05/19-02:00PM,9.0,1012.7,68.0,13.7,,35.7,313
03/05/19,03:00PM,03/05/19-03:00PM,9.1,1013.6,76.3,11.6,,32.1,317
03/05/19,04:00PM,03/05/19-04:00PM,9.8,1013.6,69.3,15.0,,32.7,337
03/05/19,05:00PM,03/05/19-05:00PM,9.2,1012.0,74.9,16.7,,34.4,300
03/05/19,06:00PM,03/05/19-06:00PM,8.9,1011.3,67.2,15.6,,34.7,282
03/05/19,07:00PM,03/05/19-07:00PM,6.9,1012.4,68.0,18.7,,32.3,21
03/05/19,08:00PM,03/05/19-08:00PM,8.7,1012.2,66.3,17.8,,29.5,324
03/05/19,09:00PM,03/05/19-09:00PM,9.1,1013.9,75.6,19.9,,28.8,298
03/05/19,10:00PM,03/05/19-10:00PM,9.1,1014.9,71.7,11.8,,27.8,278
03/05/19,11:00PM,03/05/19-11:00PM,9.7,1014.8,73.8,15.5,,28.8,296
03/06/19,12:00AM,03/06/19-12:00AM,9.0,1014.0,74.7,11.2,,27.5,287
03/06/19,01:00AM,03/06/19-01:00AM,8.5,1014.4,73.6,11.1,,26.2,345
03/06/19,02:00AM,03/06/19-02:00AM,8.1,1014.2,73.3,10.3,,25.6,301
03/06/19,03:00AM,03/06/19-03:00AM,9.8,1013.8,79.5,5.6,,21.8,324
03/06/19,04:00AM,03/06/19-04:00AM,9.9,1012.1,70.3,7.5,,22.8,290
03/06/19,05:00AM,03/06/19-05:00AM,9.7,1013.0,75.0,4.7,,24.7,339
03/06/19,06:00AM,03/06/19-06:00AM,10.0,1011.7,80.4,8.7,,25.3,314
03/06/19,07:00AM,03/06/19-07:00AM,8.8,1011.5,70.1,6.6,,28.3,354
03/06/19,08:00AM,03/06/19-08:00AM,8.8,1011.6,68.2,9.4,,28.8,332
03/06/19,09:00AM,03/06/19-09:00AM,10.0,1014.0,70.9,4.6,,29.5,271
03/06/19,10:00AM,03/06/19-10:00AM,7.8,1013.1,62.0,10.6,,31.0,302
03/06/19,11:00AM,03/06/19-11:00AM,9.9,1013.4,65.7,9.9,,31.5,333
03/06/19,12:00PM,03/06/19-12:00PM,8.1,1016.2,67.4,15.5,,32.4,261
03/06/19,01:00PM,03/06/19-01:00PM,7.6,1015.4,61.3,15.1,,32.7,304
03/06/19,02:00PM,03/06/19-02:00PM,8.0,1014.3,70.1,12.2,,34.0,355
03/06/19,03:00PM,03/06/19-03:00PM,8.3,1013.1,68.8,17.3,,32.6,281
03/06/19,04:00PM,03/06/19-04:00PM,9.2,1011.5,68.3,12.1,,35.1,301
03/06/19,05:00PM,03/06/19-05:00PM,10.0,1012.5,66.7,17.5,,33.0,328
03/06/19,06:00PM,03/06/19-06:00PM,8.9,1012.5,71.8,19.1,,32.6,303
03/06/19,07:00PM,03/06/19-07:00PM,9.1,1012.1,67.7,14.0,,30.7,340
03/06/19,08:00PM,03/06/19-08:00PM,10.0,1011.0,63.2,19.5,,28.7,288
03/06/19,09:00PM,03/06/19-09:00PM,8.6,1013.6,71.3,17.7,,28.8,337
03/06/19,10:00PM,03/06/19-10:00PM,7.5,1013.9,73.7,13.1,,27.6,306
03/06/19,11:00PM,03/06/19-11:00PM,8.4,1014.5,67.0,18.2,,26.2,275
03/07/19,12:00AM,03/07/19-12:00AM,8.8,1013.8,74.1,8.6,,27.3,300
03/07/19,01:00AM,03/07/19-01:00AM,7.9,1013.6,75.2,7.6,,24.5,338
03/07/19,02:00AM,03/07/19-02:00AM,8.3,1015.3,76.2,6.8,,23.3,294
03/07/19,03:00AM,03/07/19-03:00AM,8.8,1012.9,75.8,5.2,,24.8,295
03/07/19,04:00AM,03/07/19-04:00AM,9.4,1011.2,75.8,11.4,,24.3,317
03/07/19,05:00AM,03/07/19-05:00AM,9.1,1012.0,81.5,8.6,,27.1,270
03/07/19,06:00AM,03/07/19-06:00AM,8.0,1010.4,72.7,2.0,,25.7,337
03/07/19,07:00AM,03/07/19-07:00AM,8.7,1011.5,72.6,6.0,,25.8,296
03/07/19,08:00AM,03/07/19-08:00AM,8.9,1011.0,75.3,6.5,,28.4,305
03/07/19,09:00AM,03/07/19-09:00AM,8.6,1012.6,75.3,9.1,,29.7,265
03/07/19,10:00AM,03/07/19-10:00AM,10.0,1013.5,71.1,7.4,,27.0,319
03/07/19,11:00AM,03/07/19-11:00AM,8.5,1013.9,74.3,13.9,,32.0,318
03/07/19,12:00PM,03/07/19-12:00PM,9.1,1014.5,70.9,13.7,,31.1,353
03/07/19,01:00PM,03/07/19-01:00PM,9.9,1014.6,66.0,11.5,,33.5,331
03/07/19,02:00PM,03/07/19-02:00PM,8.8,1015.2,71.3,12.6,,34.3,261
03/07/19,03:00PM,03/07/19-03:00PM,10.0,1014.0,70.3,15.8,,34.7,320
03/07/19,04:00PM,03/07/19-04:00PM,9.4,1013.1,73.2,11.6,,32.9,315
03/07/19,05:00PM,03/07/19-05:00PM,9.0,1012.4,65.2,23.1,,35.5,333
03/07/19,06:00PM,03/07/19-06:00PM,9.2,1011.8,72.3,16.3,,31.4,345
03/07/19,07:00PM,03/07/19-07:00PM,7.6,1011.6,66.8,19.0,,28.8,283
03/07/19,08:00PM,03/07/19-08:00PM,9.4,1013.9,68.6,21.5,,31.0,274
03/07/19,09:00PM,03/07/19-09:00PM,10.0,1013.2,74.2,13.8,,28.0,315
03/07/19,10:00PM,03/07/19-10:00PM,9.6,1013.2,75.0,16.9,,26.2,311
03/07/19,11:00PM,03/07/19-11:00PM,7.7,1014.1,77.7,11.3,,27.4,317
03/08/19,12:00AM,03/08/19-12:00AM,9.1,1015.2,75.0,15.5,,24.3,329
03/08/19,01:00AM,03/08/19-01:00AM,9.1,1014.1,76.7,15.3,,25.1,320
03/08/19,02:00AM,03/08/19-02:00AM,9.7,1013.3,70.9,15.2,,23.9,286
03/08/19,03:00AM,03/08/19-03:00AM,8.8,1010.6,72.0,5.9,,22.8,327
03/08/19,04:00AM,03/08/19-04:00AM,8.8,1011.4,76.6,7.5,,22.3,278
03/08/19,05:00AM,03/08/19-05:00AM,8.1,1012.0,77.9,3.8,,21.8,301
03/08/19,06:00AM,03/08/19-06:00AM,8.0,1011.5,73.7,7.3,,27.5,291
03/08/19,07:00AM,03/08/19-07:00AM,9.5,1010.9,73.5,9.3,,27.8,275
03/08/19,08:00AM,03/08/19-08:00AM,9.5,1012.9,70.5,7.1,,28.1,316
03/08/19,09:00AM,03/08/19-09:00AM,10.0,1012.3,69.0,13.2,,29.4,268
03/08/19,10:00AM,03/08/19-10:00AM,8.9,1015.0,72.8,3.1,,31.0,304
03/08/19,11:00AM,03/08/19-11:00AM,8.8,1014.0,71.0,13.1,,31.8,292
03/08/19,12:00PM,03/08/19-12:00PM,8.7,1013.8,70.6,10.0,,33.9,301
03/08/19,01:00PM,03/08/19-01:00PM,7.8,1014.6,65.8,11.7,,33.2,338
03/08/19,02:00PM,03/08/19-02:00PM,8.6,1013.4,72.7,10.0,,34.9,281
03/08/19,03:00PM,03/08/19-03:00PM,8.8,1013.9,65.6,15.0,,32.1,302
03/08/19,04:00PM,03/08/19-04:00PM,8.0,1013.5,67.4,19.7,,32.8,278
03/08/19,05:00PM,03/08/19-05:00PM,8.6,1011.6,61.5,17.8,,33.1,337
03/08/19,06:00PM,03/08/19-06:00PM,10.0,1011.7,67.9,23.1,,33.9,335
03/08/19,07:00PM,03/08/19-07:00PM,6.9,1011.3,70.1,19.8,,32.6,340
03/08/19,08:00PM,03/08/19-08:00PM,10.0,1011.9,69.9,14.6,,29.3,348
03/08/19,09:00PM,03/08/19-09:00PM,9.7,1013.0,76.8,13.6,,28.4,350
03/08/19,10:00PM,03/08/19-10:00PM,8.5,1013.7,72.5,14.0,,26.9,330
03/08/19,11:00PM,03/08/19-11:00PM,9.6,1015.4,63.7,14.4,,26.1,335
03/09/19,12:00AM,03/09/19-12:00AM,9.1,1014.9,72.0,9.6,,25.6,287
03/09/19,01:00AM,03/09/19-01:00AM,8.3,1013.3,78.8,15.5,,25.0,297
03/09/19,02:00AM,03/09/19-02:00AM,8.8,1013.1,76.4,9.3,,24.2,346
03/09/19,03:00AM,03/09/19-03:00AM,10.0,1013.4,79.4,2.8,,26.2,343
03/09/19,04:00AM,03/09/19-04:00AM,8.9,1013.4,78.1,6.5,,23.4,320
03/09/19,05:00AM,03/09/19-05:00AM,9.4,1012.9,75.0,6.1,,26.9,290
03/09/19,06:00AM,03/09/19-06:00AM,8.4,1010.0,77.0,5.9,,24.3,322
03/09/19,07:00AM,03/09/19-07:00AM,9.1,1011.9,75.5,11.1,,25.6,317
03/09/19,08:00AM,03/09/19-08:00AM,10.0,1013.5,72.0,6.8,,27.9,34
03/09/19,09:00AM,03/09/19-09:00AM,8.5,1013.5,68.7,8.0,,32.4,268
03/09/19,10:00AM,03/09/19-10:00AM,8.9,1013.7,70.4,5.1,,29.9,319
03/09/19,11:00AM,03/09/19-11:00AM,8.9,1015.4,72.0,4.8,,31.7,292
03/09/19,12:00PM,03/09/19-12:00PM,9.2,1015.6,71.0,13.8,,28.8,312
03/09/19,01:00PM,03/09/19-01:00PM,7.0,1015.9,74.6,16.2,,33.6,258
03/09/19,02:00PM,03/09/19-02:00PM,9.7,1014.1,68.3,20.4,,33.3,318
03/09/19,03:00PM,03/09/19-03:00PM,8.5,1012.4,73.4,14.6,,34.8,312
03/09/19,04:00PM,03/09/19-04:00PM,9.2,1012.3,75.0,19.9,,35.5,306
03/09/19,05:00PM,03/09/19-05:00PM,8.9,1011.3,71.8,16.3,,32.5,318
03/09/19,06:00PM,03/09/19-06:00PM,9.7,1011.5,68.5,16.6,,30.7,345
03/09/19,07:00PM,03/09/19-07:00PM,8.9,1011.3,68.7,18.0,,33.8,315
03/09/19,08:00PM,03/09/19-08:00PM,8.6,1010.2,70.5,16.2,,29.9,326
03/09/19,09:00PM,03/09/19-09:00PM,9.9,1014.0,75.3,16.6,,29.3,302
03/09/19,10:00PM,03/09/19-10:00PM,8.5,1015.5,73.9,13.5,,26.8,297
03/09/19,11:00PM,03/09/19-11:00PM,8.6,1013.0,79.1,6.9,,26.2,1
03/10/19,12:00AM,03/10/19-12:00AM,9.1,1013.0,75.1,9.2,,24.3,316
03/10/19,01:00AM,03/10/19-01:00AM,7.7,1014.5,76.5,2.0,,24.9,344
03/10/19,02:00AM,03/10/19-02:00AM,8.2,1013.0,75.8,6.1,,24.0,317
03/10/19,03:00AM,03/10/19-03:00AM,9.1,1012.1,77.9,7.3,,25.4,278
03/10/19,04:00AM,03/10/19-04:00AM,9.0,1011.4,79.8,4.5,,22.3,289
03/10/19,05:00AM,03/10/19-05:00AM,9.2,1011.4,68.5,5.6,,25.3,293
03/10/19,06:00AM,03/10/19-06:00AM,9.8,1011.7,75.4,5.0,,24.6,304
03/10/19,07:00AM,03/10/19-07:00AM,8.0,1010.8,71.1,3.2,,26.1,332
03/10/19,08:00AM,03/10/19-08:00AM,9.4,1013.0,70.2,8.2,,27.0,309
03/10/19,09:00AM,03/10/19-09:00AM,7.8,1012.5,79.0,10.7,,31.4,328
03/10/19,10:00AM,03/10/19-10:00AM,7.8,1014.0,72.3,8.0,,31.2,7
03/10/19,11:00AM,03/10/19-11:00AM,8.2,1014.1,64.9,10.7,,32.3,290
03/10/19,12:00PM,03/10/19-12:00PM,8.7,1012.3,66.1,10.2,,33.8,325
03/10/19,01:00PM,03/10/19-01:00PM,9.3,1015.1,70.2,13.3,,33.1,324
03/10/19,02:00PM,03/10/19-02:00PM,9.1,1013.4,68.0,17.4,,32.9,303
03/10/19,03:00PM,03/10/19-03:00PM,9.3,1014.2,69.5,16.1,,33.8,253
03/10/19,04:00PM,03/10/19-04:00PM,8.7,1012.1,68.0,15.9,,32.9,336
03/10/19,05:00PM,03/10/19-05:00PM,8.8,1011.1,68.5,18.8,,33.0,262
03/10/19,06:00PM,03/10/19-06:00PM,9.5,1009.8,67.7,18.0,,33.2,299
03/10/19,07:00PM,03/10/19-07:00PM,8.3,1012.0,67.3,11.5,,33.6,295
03/10/19,08:00PM,03/10/19-08:00PM,8.6,1012.0,71.2,18.6,,30.9,297
03/10/19,09:00PM,03/10/19-09:00PM,9.1,1012.7,75.5,17.3,,30.5,322
03/10/19,10:00PM,03/10/19-10:00PM,7.9,1013.0,73.8,19.3,,29.1,313
03/10/19,11:00PM,03/10/19-11:00PM,8.7,1013.9,71.9,12.7,,27.4,262
03/11/19,12:00AM,03/11/19-12:00AM,9.6,1015.2,79.7,12.0,,26.2,270
03/11/19,01:00AM,03/11/19-01:00AM,8.2,1015.7,69.1,11.2,,22.4,320
03/11/19,02:00AM,03/11/19-02:00AM,10.0,1013.9,73.0,9.8,,24.1,287
03/11/19,03:00AM,03/11/19-03:00AM,8.5,1013.0,78.7,5.3,,23.3,312
03/11/19,04:00AM,03/11/19-04:00AM,9.0,1014.0,81.7,4.2,,26.3,330
03/11/19,05:00AM,03/11/19-05:00AM,8.7,1012.6,76.4,8.1,,24.4,283
03/11/19,06:00AM,03/11/19-06:00AM,8.6,1011.1,70.5,2.4,,27.6,341
03/11/19,07:00AM,03/11/19-07:00AM,9.2,1011.0,73.6,6.5,,24.2,307
03/11/19,08:00AM,03/11/19-08:00AM,8.4,1011.9,66.6,8.5,,28.7,254
03/11/19,09:00AM,03/11/19-09:00AM,10.0,1014.1,73.1,6.7,,30.0,278
03/11/19,10:00AM,03/11/19-10:00AM,9.2,1014.3,70.0,9.5,,30.5,312
03/11/19,11:00AM,03/11/19-11:00AM,10.0,1013.6,66.7,7.8,,31.2,304
03/11/19,12:00PM,03/11/19-12:00PM,9.1,1013.5,71.8,12.4,,33.4,295
03/11/19,01:00PM,03/11/19-01:00PM,8.6,1014.0,68.5,16.9,,35.4,323
03/11/19,02:00PM,03/11/19-02:00PM,8.5,1015.4,70.8,16.0,,33.4,302
03/11/19,03:00PM,03/11/19-03:00PM,8.4,1014.3,61.6,17.4,,33.8,298
03/11/19,04:00PM,03/11/19-04:00PM,9.1,1012.3,70.4,12.3,,34.1,295
03/11/19,05:00PM,03/11/19-05:00PM,9.1,1011.9,71.5,15.7,,32.8,300
03/11/19,06:00PM,03/11/19-06:00PM,9.1,1010.8,64.5,17.1,,33.8,323
03/11/19,07:00PM,03/11/19-07:00PM,8.5,1011.0,71.4,14.5,,33.2,298
03/11/19,08:00PM,03/11/19-08:00PM,9.6,1012.7,71.1,19.3,,31.2,301
03/11/19,09:00PM,03/11/19-09:00PM,9.3,1012.1,71.9,17.4,,29.4,316
03/11/19,10:00PM,03/11/19-10:00PM,8.5,1013.3,76.6,17.3,,28.3,322
03/11/19,11:00PM,03/11/19-11:00PM,7.4,1015.0,76.0,13.5,,24.2,301
03/12/19,12:00AM,03/12/19-12:00AM,8.5,1013.1,73.3,12.7,,24.4,327
03/12/19,01:00AM,03/12/19-01:00AM,8.1,1014.4,78.3,7.4,,22.7,295
03/12/19,02:00AM,03/12/19-02:00AM,8.1,1013.5,68.1,10.6,,25.5,314
03/12/19,03:00AM,03/12/19-03:00AM,9.1,1014.2,73.3,5.5,,22.5,332
03/12/19,04:00AM,03/12/19-04:00AM,9.4,1012.8,75.3,5.3,,24.4,290
03/12/19,05:00AM,03/12/19-05:00AM,9.0,1012.6,78.0,3.4,,26.7,327
03/12/19,06:00AM,03/12/19-06:00AM,8.7,1011.2,72.1,5.5,,26.5,263
03/12/19,07:00AM,03/12/19-07:00AM,10.0,1011.4,75.3,2.0,,26.6,292
03/12/19,08:00AM,03/12/19-08:00AM,8.7,1011.8,76.9,4.8,,26.9,338
03/12/19,09:00AM,03/12/19-09:00AM,10.0,1013.1,66.6,7.0,,28.2,327
03/12/19,10:00AM,03/12/19-10:00AM,9.0,1015.8,67.8,9.7,,30.6,294
03/12/19,11:00AM,03/12/19-11:00AM,8.7,1013.8,69.5,6.8,,32.0,307
03/12/19,12:00PM,03/12/19-12:00PM,9.8,1013.6,72.1,6.8,,32.3,272
03/12/19,01:00PM,03/12/19-01:00PM,8.8,1013.8,74.1,8.0,,32.1,314
03/12/19,02:00PM,03/12/19-02:00PM,8.9,1013.3,65.5,17.0,,31.9,321
03/12/19,03:00PM,03/12/19-03:00PM,9.4,1012.4,68.8,13.8,,33.6,307
03/12/19,04:00PM,03/12/19-04:00PM,9.4,1011.8,65.5,16.8,,33.0,304
03/12/19,05:00PM,03/12/19-05:00PM,9.3,1012.6,74.1,17.8,,34.8,262
03/12/19,06:00PM,03/12/19-06:00PM,8.5,1011.5,68.9,16.7,,34.3,326
03/12/19,07:00PM,03/12/19-07:00PM,8.1,1011.0,65.3,16.8,,29.1,278
03/12/19,08:00PM,03/12/19-08:00PM,8.6,1010.6,69.8,16.6,,30.5,311
03/12/19,09:00PM,03/12/19-09:00PM,6.9,1012.5,75.2,14.1,,32.1,286
03/12/19,10:00PM,03/12/19-10:00PM,8.4,1013.9,75.1,12.6,,29.4,316
03/12/19,11:00PM,03/12/19-11:00PM,8.0,1014.1,72.3,12.5,,26.0,308
03/13/19,12:00AM,03/13/19-12:00AM,8.6,1013.1,69.9,9.9,,26.7,281
03/13/19,01:00AM,03/13/19-01:00AM,10.0,1011.6,74.4,9.9,,24.9,358
03/13/19,02:00AM,03/13/19-02:00AM,8.3,1013.1,71.3,14.1,,24.5,302
03/13/19,03:00AM,03/13/19-03:00AM,7.8,1013.5,80.2,8.3,,26.1,314
03/13/19,04:00AM,03/13/19-04:00AM,9.4,1012.7,81.0,8.2,,23.2,286
03/13/19,05:00AM,03/13/19-05:00AM,10.0,1013.6,77.2,9.1,,26.0,335
03/13/19,06:00AM,03/13/19-06:00AM,9.9,1012.6,73.5,5.2,,24.6,343
03/13/19,07:00AM,03/13/19-07:00AM,7.9,1011.0,71.0,7.2,,27.1,323
03/13/19,08:00AM,03/13/19-08:00AM,8.9,1013.3,75.7,4.6,,27.6,345
03/13/19,09:00AM,03/13/19-09:00AM,9.4,1012.0,73.1,4.1,,29.1,313
03/13/19,10:00AM,03/13/19-10:00AM,8.3,1014.9,74.2,8.4,,33.3,309
03/13/19,11:00AM,03/13/19-11:00AM,9.1,1014.7,62.5,11.4,,30.6,289
03/13/19,12:00PM,03/13/19-12:00PM,8.7,1015.3,70.6,12.1,,34.5,318
03/13/19,01:00PM,03/13/19-01:00PM,8.1,1014.4,74.2,13.1,,32.4,326
03/13/19,02:00PM,03/13/19-02:00PM,8.4,1013.8,69.9,12.9,,33.9,301
03/13/19,03:00PM,03/13/19-03:00PM,8.6,1011.9,65.9,11.6,,35.5,333
03/13/19,04:00PM,03/13/19-04:00PM,9.1,1011.3,71.6,20.3,,33.9,337
03/13/19,05:00PM,03/13/19-05:00PM,8.6,1011.4,66.9,17.9,,33.7,327
03/13/19,06:00PM,03/13/19-06:00PM,9.4,1011.2,68.4,16.7,,32.5,316
03/13/19,07:00PM,03/13/19-07:00PM,10.0,1011.8,76.9,24.0,,31.5,326
03/13/19,08:00PM,03/13/19-08:00PM,8.1,1011.6,70.8,18.0,,31.4,286
03/13/19,09:00PM,03/13/19-09:00PM,10.0,1013.8,70.4,16.8,,29.9,318
03/13/19,10:00PM,03/13/19-10:00PM,9.0,1014.1,68.7,12.1,,26.9,324
03/13/19,11:00PM,03/13/19-11:00PM,9.5,1014.5,71.8,12.9,,27.4,298
03/14/19,12:00AM,03/14/19-12:00AM,9.2,1013.8,74.9,5.9,,25.9,306
03/14/19,01:00AM,03/14/19-01:00AM,9.6,1013.8,79.2,14.1,,25.7,295
03/14/19,02:00AM,03/14/19-02:00AM,9.3,1013.6,72.2,7.2,,25.0,288
03/14/19,03:00AM,03/14/19-03:00AM,8.6,1013.2,77.4,8.5,,24.8,304
03/14/19,04:00AM,03/14/19-04:00AM,8.7,1012.3,76.4,6.9,,23.6,330
03/14/19,05:00AM,03/14/19-05:00AM,8.9,1012.7,74.1,6.7,,23.8,339
03/14/19,06:00AM,03/14/19-06:00AM,9.3,1012.2,73.5,11.0,,26.4,299
03/14/19,07:00AM,03/14/19-07:00AM,8.0,1012.6,77.1,2.0,,26.8,302
03/14/19,08:00AM,03/14/19-08:00AM,8.4,1011.1,71.9,7.7,,29.2,329
03/14/19,09:00AM,03/14/19-09:00AM,10.0,1013.5,69.1,11.4,,30.2,277
03/14/19,10:00AM,03/14/19-10:00AM,8.2,1014.1,71.5,8.8,,32.2,330
03/14/19,11:00AM,03/14/19-11:00AM,8.6,1015.3,75.6,9.6,,31.2,322
03/14/19,12:00PM,03/14/19-12:00PM,9.6,1014.1,64.6,17.9,,32.2,305
03/14/19,01:00PM,03/14/19-01:00PM,8.2,1014.2,62.6,16.3,,33.5,286
03/14/19,02:00PM,03/14/19-02:00PM,9.4,1014.5,70.9,15.0,,32.9,319
03/14/19,03:00PM,03/14/19-03:00PM,8.9,1013.5,66.3,12.8,,34.9,339
03/14/19,04:00PM,03/14/19-04:00PM,7.1,1011.1,66.9,17.4,,36.5,327
03/14/19,05:00PM,03/14/19-05:00PM,9.2,1012.6,67.7,19.0,,34.3,272
03/14/19,06:00PM,03/14/19-06:00PM,10.0,1011.3,68.7,20.2,,34.2,311
03/14/19,07:00PM,03/14/19-07:00PM,7.5,1011.7,72.1,19.6,,30.8,313
03/14/19,08:00PM,03/14/19-08:00PM,9.5,1012.5,71.5,16.6,,31.4,351
03/14/19,09:00PM,03/14/19-09:00PM,9.9,1014.2,76.3,11.3,,29.4,295
03/14/19,10:00PM,03/14/19-10:00PM,9.7,1015.2,71.4,18.0,,26.0,279
03/14/19,11:00PM,03/14/19-11:00PM,8.2,1013.8,78.4,17.5,,26.4,316
03/15/19,12:00AM,03/15/19-12:00AM,10.0,1013.4,71.3,8.8,,24.6,288
03/15/19,01:00AM,03/15/19-01:00AM,8.9,1014.9,69.7,6.8,,26.5,307
03/15/19,02:00AM,03/15/19-02:00AM,9.6,1013.5,72.9,6.9,,21.4,325
03/15/19,03:00AM,03/15/19-03:00AM,8.9,1013.3,73.0,8.8,,23.3,312
03/15/19,04:00AM,03/15/19-04:00AM,8.6,1013.4,70.7,2.8,,24.4,283
03/15/19,05:00AM,03/15/19-05:00AM,8.1,1012.0,75.5,7.1,,23.6,323
03/15/19,06:00AM,03/15/19-06:00AM,9.4,1011.6,74.6,7.0,,27.1,280
03/15/19,07:00AM,03/15/19-07:00AM,8.8,1012.9,77.9,4.3,,27.9,300
03/15/19,08:00AM,03/15/19-08:00AM,8.3,1012.4,71.3,12.2,,28.3,300
03/15/19,09:00AM,03/15/19-09:00AM,8.6,1011.7,70.8,9.4,,28.4,342
03/15/19,10:00AM,03/15/19-10:00AM,9.0,1013.5,76.2,12.1,,29.2,338
03/15/19,11:00AM,03/15/19-11:00AM,8.5,1014.9,64.0,7.5,,32.0,21
03/15/19,12:00PM,03/15/19-12:00PM,9.0,1014.3,73.4,17.7,,33.2,297
03/15/19,01:00PM,03/15/19-01:00PM,7.6,1012.6,67.0,19.2,,33.8,308
03/15/19,02:00PM,03/15/19-02:00PM,8.9,1012.9,64.4,17.7,,33.7,318
03/15/19,03:00PM,03/15/19-03:00PM,8.3,1012.0,71.5,16.1,,34.6,331
03/15/19,04:00PM,03/15/19-04:00PM,10.0,1013.8,66.8,20.9,,33.4,287
03/15/19,05:00PM,03/15/19-05:00PM,8.1,1012.3,67.8,14.4,,33.8,327
03/15/19,06:00PM,03/15/19-06:00PM,7.6,1012.5,74.2,20.2,,33.0,340
03/15/19,07:00PM,03/15/19-07:00PM,8.5,1009.8,75.0,16.9,,31.3,340
03/15/19,08:00PM,03/15/19-08:00PM,9.7,1011.6,73.2,17.4,,29.2,316
03/15/19,09:00PM,03/15/19-09:00PM,9.2,1014.1,73.5,13.5,,28.3,271
03/15/19,10:00PM,03/15/19-10:00PM,10.0,1013.3,74.8,15.3,,28.3,298
03/15/19,11:00PM,03/15/19-11:00PM,9.2,1014.1,77.7,13.3,,27.1,337
03/16/19,12:00AM,03/16/19-12:00AM,9.3,1015.2,75.4,14.4,,26.6,282
03/16/19,01:00AM,03/16/19-01:00AM,9.9,1013.6,69.5,11.8,,24.6,295
03/16/19,02:00AM,03/16/19-02:00AM,9.0,1013.5,77.9,16.8,,23.3,307
03/16/19,03:00AM,03/16/19-03:00AM,9.3,1012.6,81.5,10.7,,22.5,309
03/16/19,04:00AM,03/16/19-04:00AM,9.2,1013.5,74.5,10.5,,24.3,310
03/16/19,05:00AM,03/16/19-05:00AM,8.8,1012.3,80.1,4.9,,27.5,302
03/16/19,06:00AM,03/16/19-06:00AM,10.0,1012.5,78.3,8.3,,24.6,302
03/16/19,07:00AM,03/16/19-07:00AM,8.6,1011.4,73.1,10.1,,26.9,318
03/16/19,08:00AM,03/16/19-08:00AM,9.5,1012.8,70.5,4.9,,26.8,256
03/16/19,09:00AM,03/16/19-09:00AM,8.6,1012.1,71.2,4.5,,30.5,259
03/16/19,10:00AM,03/16/19-10:00AM,9.4,1013.3,66.6,11.5,,30.2,269
03/16/19,11:00AM,03/16/19-11:00AM,7.6,1014.1,71.2,9.1,,33.9,317
03/16/19,12:00PM,03/16/19-12:00PM,8.9,1015.0,69.2,14.4,,32.9,294
03/16/19,01:00PM,03/16/19-01:00PM,8.2,1014.2,63.4,14.8,,33.1,296
03/16/19,02:00PM,03/16/19-02:00PM,10.0,1013.8,69.0,13.0,,33.7,295
03/16/19,03:00PM,03/16/19-03:00PM,8.0,1013.5,71.2,20.3,,31.6,295
03/16/19,04:00PM,03/16/19-04:00PM,9.4,1011.9,67.7,18.4,,33.8,289
03/16/19,05:00PM,03/16/19-05:00PM,9.8,1013.5,64.0,23.0,,34.4,266
03/16/19,06:00PM,03/16/19-06:00PM,8.9,1011.4,73.0,18.0,,32.0,320
03/16/19,07:00PM,03/16/19-07:00PM,9.2,1010.6,71.3,16.3,,31.7,347
03/16/19,08:00PM,03/16/19-08:00PM,9.4,1012.3,70.8,20.0,,29.4,308
03/16/19,09:00PM,03/16/19-09:00PM,10.0,1012.8,75.8,14.6,,28.9,296
03/16/19,10:00PM,03/16/19-10:00PM,8.5,1015.5,75.8,20.5,,27.0,316
03/16/19,11:00PM,03/16/19-11:00PM,8.8,1013.8,76.1,14.8,,27.7,9
03/17/19,12:00AM,03/17/19-12:00AM,10.0,1015.1,81.1,12.8,,24.3,316
03/17/19,01:00AM,03/17/19-01:00AM,8.9,1012.5,76.3,14.3,,24.5,306
03/17/19,02:00AM,03/17/19-02:00AM,7.4,1014.2,68.2,6.2,,28.1,309
03/17/19,03:00AM,03/17/19-03:00AM,8.9,1013.8,78.0,4.8,,24.4,322
03/17/19,04:00AM,03/17/19-04:00AM,8.6,1011.9,75.7,6.9,,24.1,339
03/17/19,05:00AM,03/17/19-05:00AM,9.9,1013.4,76.3,8.1,,23.9,322
03/17/19,06:00AM,03/17/19-06:00AM,7.4,1011.4,79.3,6.9,,25.2,327
03/17/19,07:00AM,03/17/19-07:00AM,9.3,1012.0,76.5,5.1,,26.3,318
03/17/19,08:00AM,03/17/19-08:00AM,9.0,1011.4,73.0,6.2,,29.4,262
03/17/19,09:00AM,03/17/19-09:00AM,9.8,1012.2,72.3,10.5,,30.6,294
03/17/19,10:00AM,03/17/19-10:00AM,9.2,1014.1,71.5,7.0,,32.2,345
03/17/19,11:00AM,03/17/19-11:00AM,8.9,1012.6,73.6,6.4,,29.8,326
03/17/19,12:00PM,03/17/19-12:00PM,8.8,1014.8,74.0,15.6,,32.3,327
03/17/19,01:00PM,03/17/19-01:00PM,8.4,1014.5,63.4,10.5,,31.3,278
03/17/19,02:00PM,03/17/19-02:00PM,8.3,1014.6,64.6,18.1,,37.4,314
03/17/19,03:00PM,03/17/19-03:00PM,9.0,1013.2,67.3,14.2,,34.6,341
03/17/19,04:00PM,03/17/19-04:00PM,10.0,1012.3,63.7,16.3,,32.7,310
03/17/19,05:00PM,03/17/19-05:00PM,8.9,1010.1,74.6,15.8,,32.7,328
03/17/19,06:00PM,03/17/19-06:00PM,10.0,1011.1,72.9,13.8,,33.9,0
03/17/19,07:00PM,03/17/19-07:00PM,8.8,1010.5,74.2,19.7,,26.8,281
03/17/19,08:00PM,03/17/19-08:00PM,8.3,1012.0,71.6,17.8,,28.9,319
03/17/19,09:00PM,03/17/19-09:00PM,8.4,1013.2,74.9,14.6,,28.0,341
03/17/19,10:00PM,03/17/19-10:00PM,10.0,1013.8,66.1,15.4,,25.3,322
03/17/19,11:00PM,03/17/19-11:00PM,8.8,1015.9,80.1,15.2,,27.5,298
03/18/19,12:00AM,03/18/19-12:00AM,9.5,1013.8,65.9,9.0,,24.4,357
03/18/19,01:00AM,03/18/19-01:00AM,8.4,1014.4,77.1,5.8,,24.3,315
03/18/19,02:00AM,03/18/19-02:00AM,9.9,1013.2,75.5,7.4,,25.2,304
03/18/19,03:00AM,03/18/19-03:00AM,9.1,1013.1,75.8,8.8,,24.3,331
03/18/19,04:00AM,03/18/19-04:00AM,9.1,1011.9,78.4,6.3,,25.5,291
03/18/19,05:00AM,03/18/19-05:00AM,9.7,1012.3,75.6,5.3,,27.2,339
03/18/19,06:00AM,03/18/19-06:00AM,9.9,1012.7,79.1,5.5,,25.8,279
03/18/19,07:00AM,03/18/19-07:00AM,10.0,1010.4,72.0,7.2,,26.6,306
03/18/19,08:00AM,03/18/19-08:00AM,9.4,1012.1,70.2,2.7,,29.4,311
03/18/19,09:00AM,03/18/19-09:00AM,8.5,1013.5,69.7,2.0,,26.0,10
03/18/19,10:00AM,03/18/19-10:00AM,7.9,1011.0,68.4,13.9,,29.5,290
03/18/19,11:00AM,03/18/19-11:00AM,9.1,1012.4,68.6,9.5,,31.6,346
03/18/19,12:00PM,03/18/19-12:00PM,10.0,1015.3,65.0,8.8,,30.3,285
03/18/19,01:00PM,03/18/19-01:00PM,9.6,1014.8,73.1,16.2,,33.9,346
03/18/19,02:00PM,03/18/19-02:00PM,9.2,1013.0,70.1,11.5,,35.3,321
03/18/19,03:00PM,03/18/19-03:00PM,8.9,1013.1,68.9,19.0,,33.4,225
03/18/19,04:00PM,03/18/19-04:00PM,8.9,1010.5,66.3,13.9,,32.3,315
03/18/19,05:00PM,03/18/19-05:00PM,9.0,1012.1,73.9,19.2,,33.1,291
03/18/19,06:00PM,03/18/19-06:00PM,9.3,1012.7,68.9,15.5,,32.5,320
03/18/19,07:00PM,03/18/19-07:00PM,9.7,1012.2,65.7,19.2,,29.9,314
03/18/19,08:00PM,03/18/19-08:00PM,7.7,1012.7,66.8,20.0,,27.8,348
03/18/19,09:00PM,03/18/19-09:00PM,8.6,1013.1,75.3,17.2,,27.6,290
03/18/19,10:00PM,03/18/19-10:00PM,9.4,1013.8,78.2,11.4,,25.2,277
03/18/19,11:00PM,03/18/19-11:00PM,9.5,1014.1,71.1,13.8,,25.8,17
03/19/19,12:00AM,03/19/19-12:00AM,9.0,1015.2,77.3,11.5,,26.0,314
03/19/19,01:00AM,03/19/19-01:00AM,9.2,1015.5,80.9,5.9,,26.0,287
03/19/19,02:00AM,03/19/19-02:00AM,8.6,1013.9,77.6,10.9,,26.2,285
03/19/19,03:00AM,03/19/19-03:00AM,8.9,1012.5,80.0,6.5,,23.2,1
03/19/19,04:00AM,03/19/19-04:00AM,10.0,1012.7,71.9,5.0,,22.6,354
03/19/19,05:00AM,03/19/19-05:00AM,9.7,1010.7,77.4,6.3,,24.7,326
03/19/19,06:00AM,03/19/19-06:00AM,9.1,1013.8,77.0,9.5,,22.8,302
03/19/19,07:00AM,03/19/19-07:00AM,9.2,1012.2,74.3,7.3,,25.5,323
03/19/19,08:00AM,03/19/19-08:00AM,9.0,1013.5,67.7,5.7,,28.5,292
03/19/19,09:00AM,03/19/19-09:00AM,8.6,1013.9,75.8,3.7,,27.4,308
03/19/19,10:00AM,03/19/19-10:00AM,8.7,1013.2,72.5,7.1,,29.0,333
03/19/19,11:00AM,03/19/19-11:00AM,9.4,1015.3,67.1,3.0,,30.7,341
03/19/19,12:00PM,03/19/19-12:00PM,9.0,1014.8,72.0,11.5,,32.0,345
03/19/19,01:00PM,03/19/19-01:00PM,8.4,1013.5,69.0,17.7,,36.5,317
03/19/19,02:00PM,03/19/19-02:00PM,10.0,1014.7,63.6,19.9,,33.1,296
03/19/19,03:00PM,03/19/19-03:00PM,9.1,1013.6,62.0,17.6,,34.2,301
03/19/19,04:00PM,03/19/19-04:00PM,9.5,1013.9,72.0,11.8,,33.9,333
03/19/19,05:00PM,03/19/19-05:00PM,9.9,1012.3,74.8,20.4,,32.9,277
03/19/19,06:00PM,03/19/19-06:00PM,8.6,1011.4,65.9,16.2,,32.0,294
03/19/19,07:00PM,03/19/19-07:00PM,7.5,1013.1,67.5,12.8,,32.4,292
03/19/19,08:00PM,03/19/19-08:00PM,8.6,1013.0,70.1,18.8,,31.0,295
03/19/19,09:00PM,03/19/19-09:00PM,9.1,1012.4,74.3,19.5,,28.7,354
03/19/19,10:00PM,03/19/19-10:00PM,8.6,1014.7,75.7,13.4,,29.4,322
03/19/19,11:00PM,03/19/19-11:00PM,9.6,1014.3,83.5,12.8,,26.9,322
03/20/19,12:00AM,03/20/19-12:00AM,9.6,1014.2,76.6,13.6,,24.9,265
03/20/19,01:00AM,03/20/19-01:00AM,9.5,1015.1,78.5,11.3,,25.5,309
03/20/19,02:00AM,03/20/19-02:00AM,9.2,1013.2,70.4,5.1,,25.2,332
03/20/19,03:00AM,03/20/19-03:00AM,10.0,1013.3,66.9,4.9,,22.9,351
03/20/19,04:00AM,03/20/19-04:00AM,8.9,1012.5,72.9,4.3,,24.2,309
03/20/19,05:00AM,03/20/19-05:00AM,8.4,1011.8,66.9,2.9,,24.5,298
03/20/19,06:00AM,03/20/19-06:00AM,7.9,1011.6,77.5,3.8,,28.6,300
03/20/19,07:00AM,03/20/19-07:00AM,8.0,1011.9,79.1,9.7,,27.4,317
03/20/19,08:00AM,03/20/19-08:00AM,9.4,1012.9,73.9,6.0,,27.2,320
03/20/19,09:00AM,03/20/19-09:00AM,8.5,1013.6,68.5,6.0,,29.5,285
03/20/19,10:00AM,03/20/19-10:00AM,9.9,1013.8,67.8,16.4,,32.8,289
03/20/19,11:00AM,03/20/19-11:00AM,10.0,1014.6,73.6,6.7,,30.1,358
03/20/19,12:00PM,03/20/19-12:00PM,10.0,1013.8,73.8,9.8,,33.6,331
03/20/19,01:00PM,03/20/19-01:00PM,9.4,1015.8,72.6,12.5,,34.6,302
03/20/19,02:00PM,03/20/19-02:00PM,9.4,1014.4,63.0,15.3,,33.4,287
03/20/19,03:00PM,03/20/19-03:00PM,8.3,1012.8,66.0,16.8,,35.3,334
03/20/19,04:00PM,03/20/19-04:00PM,8.6,1012.2,65.7,17.2,,33.5,317
03/20/19,05:00PM,03/20/19-05:00PM,8.9,1011.6,73.6,19.1,,33.8,311
03/20/19,06:00PM,03/20/19-06:00PM,9.0,1012.0,71.7,16.9,,33.5,296
03/20/19,07:00PM,03/20/19-07:00PM,8.3,1011.2,65.3,18.3,,31.0,300
03/20/19,08:00PM,03/20/19-08:00PM,8.3,1010.9,76.7,9.6,,30.2,291
03/20/19,09:00PM,03/20/19-09:00PM,9.1,1012.4,69.6,15.5,,30.1,316
03/20/19,10:00PM,03/20/19-10:00PM,10.0,1012.9,71.0,11.7,,27.3,290
03/20/19,11:00PM,03/20/19-11:00PM,9.2,1013.9,74.6,13.9,,24.5,288
03/21/19,12:00AM,03/21/19-12:00AM,9.0,1015.5,72.9,13.2,,23.9,337
03/21/19,01:00AM,03/21/19-01:00AM,8.1,1013.9,71.0,9.3,,26.5,301
03/21/19,02:00AM,03/21/19-02:00AM,7.8,1013.8,81.2,7.0,,24.3,300
03/21/19,03:00AM,03/21/19-03:00AM,9.8,1012.6,78.5,9.6,,25.0,320
03/21/19,04:00AM,03/21/19-04:00AM,7.8,1013.3,73.8,7.6,,23.7,316
03/21/19,05:00AM,03/21/19-05:00AM,8.1,1012.5,81.7,2.4,,22.1,305
03/21/19,06:00AM,03/21/19-06:00AM,9.3,1011.7,75.8,8.3,,24.7,308
03/21/19,07:00AM,03/21/19-07:00AM,9.7,1011.3,71.2,12.9,,25.1,287
03/21/19,08:00AM,03/21/19-08:00AM,9.4,1012.2,67.9,7.5,,27.7,358
03/21/19,09:00AM,03/21/19-09:00AM,8.4,1012.1,69.7,4.0,,30.2,283
03/21/19,10:00AM,03/21/19-10:00AM,8.3,1015.9,68.3,9.9,,30.2,306
03/21/19,11:00AM,03/21/19-11:00AM,8.7,1014.4,72.0,14.9,,29.6,317
03/21/19,12:00PM,03/21/19-12:00PM,9.2,1014.2,66.4,9.3,,32.0,296
03/21/19,01:00PM,03/21/19-01:00PM,8.9,1013.8,64.5,12.8,,33.6,320
03/21/19,02:00PM,03/21/19-02:00PM,10.0,1014.1,70.4,17.0,,33.9,264
03/21/19,03:00PM,03/21/19-03:00PM,8.8,1013.5,64.3,17.3,,33.4,298
03/21/19,04:00PM,03/21/19-04:00PM,10.0,1011.8,64.9,21.1,,33.6,336
03/21/19,05:00PM,03/21/19-05:00PM,9.6,1012.7,71.3,19.1,,34.6,280
03/21/19,06:00PM,03/21/19-06:00PM,9.4,1011.2,65.7,16.3,,32.9,277
03/21/19,07:00PM,03/21/19-07:00PM,10.0,1010.5,69.0,19.1,,30.1,32
03/21/19,08:00PM,03/21/19-08:00PM,8.9,1010.9,74.5,19.2,,28.7,1
03/21/19,09:00PM,03/21/19-09:00PM,8.5,1013.2,78.2,13.9,,29.6,360
03/21/19,10:00PM,03/21/19-10:00PM,8.5,1013.8,70.7,16.6,,28.7,280
03/21/19,11:00PM,03/21/19-11:00PM,8.7,1013.3,76.4,14.1,,28.0,289
03/22/19,12:00AM,03/22/19-12:00AM,9.1,1015.7,73.4,16.5,,25.9,295
03/22/19,01:00AM,03/22/19-01:00AM,9.6,1013.3,74.7,9.1,,25.2,322
03/22/19,02:00AM,03/22/19-02:00AM,8.3,1013.7,70.0,14.2,,24.5,352
03/22/19,03:00AM,03/22/19-03:00AM,8.9,1012.2,80.2,10.9,,23.7,290
03/22/19,04:00AM,03/22/19-04:00AM,10.0,1013.8,76.2,6.3,,22.7,345
03/22/19,05:00AM,03/22/19-05:00AM,8.6,1013.4,71.9,4.2,,25.7,297
03/22/19,06:00AM,03/22/19-06:00AM,9.1,1012.6,73.7,4.0,,24.9,319
03/22/19,07:00AM,03/22/19-07:00AM,8.0,1010.7,83.0,8.1,,27.9,352
03/22/19,08:00AM,03/22/19-08:00AM,10.0,1012.6,75.6,5.9,,27.3,282
03/22/19,09:00AM,03/22/19-09:00AM,8.0,1013.5,69.9,10.2,,27.7,327
03/22/19,10:00AM,03/22/19-10:00AM,8.4,1014.1,74.6,14.0,,30.8,309
03/22/19,11:00AM,03/22/19-11:00AM,9.8,1013.7,67.2,16.0,,31.4,356
03/22/19,12:00PM,03/22/19-12:00PM,7.7,1016.0,72.1,15.2,,31.2,310
03/22/19,01:00PM,03/22/19-01:00PM,8.0,1014.8,71.7,12.9,,31.2,24
03/22/19,02:00PM,03/22/19-02:00PM,10.0,1013.8,68.6,11.6,,34.4,345
03/22/19,03:00PM,03/22/19-03:00PM,7.3,1012.0,67.1,10.7,,33.3,293
03/22/19,04:00PM,03/22/19-04:00PM,9.7,1012.5,75.2,21.4,,34.3,335
03/22/19,05:00PM,03/22/19-05:00PM,8.2,1013.0,63.6,18.5,,33.7,19
03/22/19,06:00PM,03/22/19-06:00PM,7.8,1012.5,74.7,15.3,,33.3,320
03/22/19,07:00PM,03/22/19-07:00PM,9.1,1010.4,64.2,21.7,,31.3,330
03/22/19,08:00PM,03/22/19-08:00PM,7.6,1011.2,71.1,12.9,,30.6,308
03/22/19,09:00PM,03/22/19-09:00PM,8.6,1013.4,71.4,12.1,,28.1,303
03/22/19,10:00PM,03/22/19-10:00PM,9.0,1013.0,77.4,20.5,,29.4,305
03/22/19,11:00PM,03/22/19-11:00PM,8.4,1013.7,69.4,9.0,,26.0,310
03/23/19,12:00AM,03/23/19-12:00AM,9.6,1014.2,73.7,12.7,,26.9,316
03/23/19,01:00AM,03/23/19-01:00AM,8.6,1014.0,69.4,7.5,,24.9,321
03/23/19,02:00AM,03/23/19-02:00AM,10.0,1012.9,73.7,12.8,,25.1,312
03/23/19,03:00AM,03/23/19-03:00AM,7.5,1012.3,75.9,8.0,,26.0,339
03/23/19,04:00AM,03/23/19-04:00AM,7.1,1011.1,76.5,6.1,,23.4,279
03/23/19,05:00AM,03/23/19-05:00AM,7.7,1012.1,80.7,5.7,,25.9,294
03/23/19,06:00AM,03/23/19-06:00AM,9.2,1011.0,70.5,9.1,,24.9,301
03/23/19,07:00AM,03/23/19-07:00AM,9.3,1011.3,73.4,9.3,,27.0,312
03/23/19,08:00AM,03/23/19-08:00AM,9.2,1013.6,79.0,6.7,,27.5,307
03/23/19,09:00AM,03/23/19-09:00AM,8.0,1014.7,66.8,5.1,,29.4,340
03/23/19,10:00AM,03/23/19-10:00AM,10.0,1012.6,66.7,4.9,,28.9,333
03/23/19,11:00AM,03/23/19-11:00AM,8.8,1013.4,67.5,10.2,,32.3,303
03/23/19,12:00PM,03/23/19-12:00PM,10.0,1014.2,71.1,12.2,,31.6,314
03/23/19,01:00PM,03/23/19-01:00PM,8.1,1014.8,67.3,17.2,,33.9,241
03/23/19,02:00PM,03/23/19-02:00PM,8.2,1013.1,71.9,17.8,,34.0,287
03/23/19,03:00PM,03/23/19-03:00PM,10.0,1013.3,69.0,18.5,,33.8,354
03/23/19,04:00PM,03/23/19-04:00PM,8.7,1012.4,63.7,18.2,,35.0,325
03/23/19,05:00PM,03/23/19-05:00PM,9.1,1010.3,68.5,16.5,,34.9,284
03/23/19,06:00PM,03/23/19-06:00PM,9.7,1011.4,65.8,17.9,,34.5,306
03/23/19,07:00PM,03/23/19-07:00PM,9.9,1011.2,66.1,19.4,,28.3,310
03/23/19,08:00PM,03/23/19-08:00PM,8.9,1012.4,74.2,15.4,,31.8,271
03/23/19,09:00PM,03/23/19-09:00PM,9.6,1012.3,74.8,14.7,,29.3,354
03/23/19,10:00PM,03/23/19-10:00PM,8.5,1013.9,73.7,16.4,,27.7,320
03/23/19,11:00PM,03/23/19-11:00PM,7.5,1013.5,74.5,14.5,,28.9,308
03/24/19,12:00AM,03/24/19-12:00AM,9.2,1014.4,78.3,15.4,,27.5,316
03/24/19,01:00AM,03/24/19-01:00AM,8.4,1012.9,76.9,9.1,,26.8,287
03/24/19,02:00AM,03/24/19-02:00AM,9.3,1015.4,82.3,6.5,,23.7,280
03/24/19,03:00AM,03/24/19-03:00AM,9.2,1013.0,73.3,7.3,,25.2,301
03/24/19,04:00AM,03/24/19-04:00AM,8.1,1012.0,77.3,5.6,,21.9,293
03/24/19,05:00AM,03/24/19-05:00AM,8.7,1012.5,76.6,13.3,,23.7,22
03/24/19,06:00AM,03/24/19-06:00AM,9.6,1011.0,71.6,4.3,,25.1,311
03/24/19,07:00AM,03/24/19-07:00AM,10.0,1009.7,75.8,10.6,,26.3,319
03/24/19,08:00AM,03/24/19-08:00AM,7.8,1012.8,72.0,7.7,,26.6,277
03/24/19,09:00AM,03/24/19-09:00AM,8.6,1012.9,71.8,6.7,,31.1,255
03/24/19,10:00AM,03/24/19-10:00AM,8.6,1014.2,72.2,9.3,,30.3,330
03/24/19,11:00AM,03/24/19-11:00AM,10.0,1012.7,69.4,8.0,,30.3,313
03/24/19,12:00PM,03/24/19-12:00PM,9.3,1014.0,69.3,15.7,,31.2,339
03/24/19,01:00PM,03/24/19-01:00PM,8.4,1013.4,63.1,12.8,,33.6,326
03/24/19,02:00PM,03/24/19-02:00PM,8.7,1012.2,70.0,14.9,,33.5,275
03/24/19,03:00PM,03/24/19-03:00PM,9.0,1012.6,64.5,19.7,,34.7,284
03/24/19,04:00PM,03/24/19-04:00PM,10.0,1012.7,67.8,17.9,,33.3,324
03/24/19,05:00PM,03/24/19-05:00PM,9.4,1012.1,65.1,21.9,,34.1,317
03/24/19,06:00PM,03/24/19-06:00PM,8.8,1010.9,63.6,21.1,,34.0,261
03/24/19,07:00PM,03/24/19-07:00PM,8.8,1011.4,73.4,19.6,,30.7,302
03/24/19,08:00PM,03/24/19-08:00PM,9.5,1011.3,82.7,23.3,,31.3,305
03/24/19,09:00PM,03/24/19-09:00PM,8.7,1011.7,71.5,16.6,,29.4,315
03/24/19,10:00PM,03/24/19-10:00PM,10.0,1014.9,76.9,16.2,,28.3,298
03/24/19,11:00PM,03/24/19-11:00PM,8.2,1015.4,75.5,9.8,,25.1,270
03/25/19,12:00AM,03/25/19-12:00AM,7.4,1014.8,74.7,10.2,,26.9,275
03/25/19,01:00AM,03/25/19-01:00AM,8.0,1014.0,81.0,16.4,,26.2,310
03/25/19,02:00AM,03/25/19-02:00AM,8.7,1011.2,75.9,12.5,,22.3,0
03/25/19,03:00AM,03/25/19-03:00AM,9.7,1013.5,79.6,2.9,,25.0,329
03/25/19,04:00AM,03/25/19-04:00AM,8.9,1012.9,82.7,8.9,,29.3,321
03/25/19,05:00AM,03/25/19-05:00AM,8.9,1011.4,72.9,10.6,,24.7,309
03/25/19,06:00AM,03/25/19-06:00AM,9.2,1011.8,80.1,13.5,,27.0,302
03/25/19,07:00AM,03/25/19-07:00AM,8.6,1012.0,69.5,8.0,,26.8,317
03/25/19,08:00AM,03/25/19-08:00AM,9.6,1011.5,68.5,7.9,,25.9,288
03/25/19,09:00AM,03/25/19-09:00AM,9.7,1012.7,71.4,9.8,,30.4,287
03/25/19,10:00AM,03/25/19-10:00AM,8.1,1013.4,73.0,12.1,,31.4,297
03/25/19,11:00AM,03/25/19-11:00AM,9.7,1014.0,70.9,9.6,,31.4,296
03/25/19,12:00PM,03/25/19-12:00PM,10.0,1013.5,66.3,14.2,,32.3,266
03/25/19,01:00PM,03/25/19-01:00PM,8.5,1014.1,70.9,14.1,,31.1,344
03/25/19,02:00PM,03/25/19-02:00PM,9.2,1013.0,65.9,14.3,,35.8,296
03/25/19,03:00PM,03/25/19-03:00PM,9.5,1012.0,65.3,16.9,,36.6,334
03/25/19,04:00PM,03/25/19-04:00PM,9.4,1011.4,68.3,14.3,,33.4,282
03/25/19,05:00PM,03/25/19-05:00PM,9.2,1010.4,71.8,21.4,,33.9,318
03/25/19,06:00PM,03/25/19-06:00PM,9.2,1011.1,70.3,14.0,,30.1,311
03/25/19,07:00PM,03/25/19-07:00PM,9.6,1012.1,73.3,17.7,,31.0,298
03/25/19,08:00PM,03/25/19-08:00PM,8.2,1011.9,72.6,18.9,,31.0,325
03/25/19,09:00PM,03/25/19-09:00PM,9.8,1012.9,65.0,19.8,,28.3,289
03/25/19,10:00PM,03/25/19-10:00PM,8.9,1013.2,71.9,13.3,,27.0,278
03/25/19,11:00PM,03/25/19-11:00PM,9.7,1014.1,70.6,14.0,,25.7,276
03/26/19,12:00AM,03/26/19-12:00AM,8.4,1014.5,72.6,9.9,,25.6,258
03/26/19,01:00AM,03/26/19-01:00AM,9.6,1014.0,77.2,11.9,,27.3,256
03/26/19,02:00AM,03/26/19-02:00AM,10.0,1013.3,74.4,10.6,,25.4,255
03/26/19,03:00AM,03/26/19-03:00AM,8.5,1012.3,78.2,6.5,,23.5,274
03/26/19,04:00AM,03/26/19-04:00AM,10.0,1012.2,71.3,7.1,,24.9,302
03/26/19,05:00AM,03/26/19-05:00AM,10.0,1010.5,72.8,3.4,,26.8,333
03/26/19,06:00AM,03/26/19-06:00AM,8.5,1011.5,75.0,4.6,,25.2,310
03/26/19,07:00AM,03/26/19-07:00AM,8.9,1013.1,72.7,8.9,,26.2,12
03/26/19,08:00AM,03/26/19-08:00AM,8.2,1012.7,73.8,5.6,,28.9,277
03/26/19,09:00AM,03/26/19-09:00AM,9.2,1012.5,76.9,8.5,,29.0,307
03/26/19,10:00AM,03/26/19-10:00AM,8.0,1014.2,69.0,6.6,,31.0,282
03/26/19,11:00AM,03/26/19-11:00AM,10.0,1013.8,63.8,13.5,,31.6,288
03/26/19,12:00PM,03/26/19-12:00PM,8.5,1014.3,67.1,14.2,,32.3,290
03/26/19,01:00PM,03/26/19-01:00PM,8.0,1015.5,71.9,13.4,,37.0,340
03/26/19,02:00PM,03/26/19-02:00PM,9.7,1012.5,75.8,16.6,,32.8,295
03/26/19,03:00PM,03/26/19-03:00PM,9.6,1013.3,66.5,17.0,,33.6,257
03/26/19,04:00PM,03/26/19-04:00PM,9.2,1011.3,71.7,12.2,,34.6,294
03/26/19,05:00PM,03/26/19-05:00PM,8.4,1009.7,69.4,18.9,,34.4,313
03/26/19,06:00PM,03/26/19-06:00PM,9.7,1011.0,70.7,22.9,,32.5,306
03/26/19,07:00PM,03/26/19-07:00PM,10.0,1012.7,69.1,12.8,,31.2,359
03/26/19,08:00PM,03/26/19-08:00PM,9.8,1012.2,69.5,15.9,,30.4,284
03/26/19,09:00PM,03/26/19-09:00PM,9.6,1013.0,75.9,18.7,,28.6,310
03/26/19,10:00PM,03/26/19-10:00PM,10.0,1014.3,72.3,15.9,,28.4,324
03/26/19,11:00PM,03/26/19-11:00PM,8.8,1013.9,73.8,12.1,,25.0,330
03/27/19,12:00AM,03/27/19-12:00AM,9.2,1013.7,74.0,13.2,,25.1,310
03/27/19,01:00AM,03/27/19-01:00AM,9.0,1013.7,80.3,7.2,,25.2,318
03/27/19,02:00AM,03/27/19-02:00AM,9.1,1012.0,73.8,8.5,,24.9,285
03/27/19,03:00AM,03/27/19-03:00AM,8.5,1012.6,77.9,9.0,,24.0,287
03/27/19,04:00AM,03/27/19-04:00AM,9.1,1012.1,76.2,3.6,,25.1,1
03/27/19,05:00AM,03/27/19-05:00AM,7.4,1011.5,75.3,5.9,,21.8,295
03/27/19,06:00AM,03/27/19-06:00AM,7.3,1012.3,80.1,3.0,,25.4,310
03/27/19,07:00AM,03/27/19-07:00AM,9.6,1012.9,77.6,6.3,,25.6,326
03/27/19,08:00AM,03/27/19-08:00AM,9.0,1012.1,69.5,5.1,,28.5,315
03/27/19,09:00AM,03/27/19-09:00AM,8.7,1012.8,73.3,5.6,,29.6,317
03/27/19,10:00AM,03/27/19-10:00AM,9.2,1013.2,65.5,8.8,,32.4,309
03/27/19,11:00AM,03/27/19-11:00AM,8.5,1014.1,72.6,13.2,,30.5,355
03/27/19,12:00PM,03/27/19-12:00PM,8.2,1013.6,66.6,12.5,,30.4,281
03/27/19,01:00PM,03/27/19-01:00PM,8.1,1014.8,65.5,16.7,,35.0,312
03/27/19,02:00PM,03/27/19-02:00PM,8.7,1012.7,68.0,17.4,,33.9,310
03/27/19,03:00PM,03/27/19-03:00PM,9.5,1013.2,65.3,14.6,,33.6,279
03/27/19,04:00PM,03/27/19-04:00PM,8.8,1013.2,63.8,16.6,,34.8,298
03/27/19,05:00PM,03/27/19-05:00PM,7.8,1011.9,68.9,16.4,,31.1,302
03/27/19,06:00PM,03/27/19-06:00PM,8.1,1012.7,63.0,21.2,,31.8,322
03/27/19,07:00PM,03/27/19-07:00PM,9.0,1010.6,68.7,21.3,,31.6,319
03/27/19,08:00PM,03/27/19-08:00PM,9.6,1011.5,69.2,18.2,,30.2,329
03/27/19,09:00PM,03/27/19-09:00PM,8.3,1012.6,70.9,14.5,,29.2,318
03/27/19,10:00PM,03/27/19-10:00PM,9.8,1013.4,77.1,10.7,,28.6,318
03/27/19,11:00PM,03/27/19-11:00PM,8.2,1014.5,70.0,8.9,,26.6,336
03/28/19,12:00AM,03/28/19-12:00AM,8.9,1013.3,78.3,17.4,,24.6,263
03/28/19,01:00AM,03/28/19-01:00AM,8.8,1014.2,76.4,7.5,,23.9,320
03/28/19,02:00AM,03/28/19-02:00AM,9.0,1014.6,74.5,10.9,,24.7,258
03/28/19,03:00AM,03/28/19-03:00AM,8.4,1013.5,75.9,6.5,,25.6,326
03/28/19,04:00AM,03/28/19-04:00AM,8.8,1012.8,81.9,6.7,,24.0,292
03/28/19,05:00AM,03/28/19-05:00AM,8.2,1011.1,77.7,10.3,,26.9,319
03/28/19,06:00AM,03/28/19-06:00AM,10.0,1011.2,70.1,7.8,,25.0,279
03/28/19,07:00AM,03/28/19-07:00AM,8.7,1011.9,79.9,4.2,,26.0,345
03/28/19,08:00AM,03/28/19-08:00AM,9.3,1011.2,67.4,6.7,,27.7,300
03/28/19,09:00AM,03/28/19-09:00AM,8.5,1012.4,77.1,8.0,,31.8,315
03/28/19,10:00AM,03/28/19-10:00AM,9.5,1013.4,71.5,14.7,,29.5,312
03/28/19,11:00AM,03/28/19-11:00AM,8.8,1013.8,73.3,2.5,,30.5,287
03/28/19,12:00PM,03/28/19-12:00PM,9.2,1014.9,69.9,9.3,,33.8,329
03/28/19,01:00PM,03/28/19-01:00PM,9.3,1013.4,63.2,13.8,,34.1,273
03/28/19,02:00PM,03/28/19-02:00PM,8.5,1013.0,70.8,12.4,,32.6,291
03/28/19,03:00PM,03/28/19-03:00PM,8.3,1014.4,67.3,16.7,,34.6,318
03/28/19,04:00PM,03/28/19-04:00PM,8.6,1012.3,67.8,15.1,,35.0,299
03/28/19,05:00PM,03/28/19-05:00PM,8.4,1011.4,72.2,15.6,,33.4,248
03/28/19,06:00PM,03/28/19-06:00PM,8.3,1011.3,75.2,15.7,,33.2,305
03/28/19,07:00PM,03/28/19-07:00PM,10.0,1011.6,68.5,22.0,,31.8,285
03/28/19,08:00PM,03/28/19-08:00PM,8.8,1012.1,66.0,18.7,,30.1,24
03/28/19,09:00PM,03/28/19-09:00PM,8.5,1013.8,72.3,15.3,,28.2,263
03/28/19,10:00PM,03/28/19-10:00PM,9.9,1014.3,65.8,19.2,,28.1,325
03/28/19,11:00PM,03/28/19-11:00PM,8.6,1014.9,71.9,12.4,,26.7,300
03/29/19,12:00AM,03/29/19-12:00AM,9.5,1015.1,78.9,2.7,,24.7,292
03/29/19,01:00AM,03/29/19-01:00AM,9.0,1013.2,77.2,12.7,,25.3,354
03/29/19,02:00AM,03/29/19-02:00AM,7.3,1014.6,78.5,12.5,,23.6,353
03/29/19,03:00AM,03/29/19-03:00AM,8.1,1012.1,80.4,5.4,,24.3,318
03/29/19,04:00AM,03/29/19-04:00AM,9.6,1012.4,80.6,6.8,,26.4,355
03/29/19,05:00AM,03/29/19-05:00AM,9.0,1011.8,76.2,8.7,,23.5,294
03/29/19,06:00AM,03/29/19-06:00AM,8.8,1012.9,77.9,5.8,,25.2,342
03/29/19,07:00AM,03/29/19-07:00AM,8.4,1011.5,74.1,9.0,,26.9,272
03/29/19,08:00AM,03/29/19-08:00AM,9.0,1011.0,72.4,4.4,,27.3,316
03/29/19,09:00AM,03/29/19-09:00AM,10.0,1012.6,73.7,5.4,,29.8,299
03/29/19,10:00AM,03/29/19-10:00AM,9.9,1015.2,69.1,9.9,,29.4,326
03/29/19,11:00AM,03/29/19-11:00AM,8.8,1014.6,68.5,3.2,,29.5,326
03/29/19,12:00PM,03/29/19-12:00PM,8.9,1014.4,72.1,13.9,,31.2,329
03/29/19,01:00PM,03/29/19-01:00PM,10.0,1014.0,73.9,12.3,,32.7,319
03/29/19,02:00PM,03/29/19-02:00PM,9.9,1013.0,66.9,13.6,,35.5,322
03/29/19,03:00PM,03/29/19-03:00PM,10.0,1012.7,72.2,16.2,,34.6,325
03/29/19,04:00PM,03/29/19-04:00PM,9.1,1011.9,72.7,16.3,,31.7,308
03/29/19,05:00PM,03/29/19-05:00PM,8.8,1010.6,72.2,17.9,,31.9,306
03/29/19,06:00PM,03/29/19-06:00PM,8.9,1010.3,70.4,17.3,,32.6,255
03/29/19,07:00PM,03/29/19-07:00PM,9.0,1013.5,66.8,11.5,,32.5,310
03/29/19,08:00PM,03/29/19-08:00PM,8.3,1012.2,77.5,12.4,,29.1,322
03/29/19,09:00PM,03/29/19-09:00PM,8.7,1011.8,70.5,16.0,,29.4,298
03/29/19,10:00PM,03/29/19-10:00PM,8.4,1014.1,74.5,18.1,,27.0,307
03/29/19,11:00PM,03/29/19-11:00PM,9.1,1014.5,68.0,18.6,,26.5,306
03/30/19,12:00AM,03/30/19-12:00AM,10.0,1015.3,73.4,13.1,,25.3,298
03/30/19,01:00AM,03/30/19-01:00AM,9.0,1014.2,71.9,12.4,,26.7,306
03/30/19,02:00AM,03/30/19-02:00AM,8.1,1013.8,72.6,7.0,,23.3,278
03/30/19,03:00AM,03/30/19-03:00AM,9.8,1013.4,78.7,7.6,,23.4,299
03/30/19,04:00AM,03/30/19-04:00AM,9.1,1013.0,76.5,4.7,,25.7,323
03/30/19,05:00AM,03/30/19-05:00AM,9.2,1010.7,78.5,2.2,,24.3,313
03/30/19,06:00AM,03/30/19-06:00AM,8.8,1011.2,74.7,2.0,,26.5,325
03/30/19,07:00AM,03/30/19-07:00AM,9.4,1011.4,67.9,3.8,,25.1,315
03/30/19,08:00AM,03/30/19-08:00AM,8.0,1012.0,68.5,6.7,,26.4,355
03/30/19,09:00AM,03/30/19-09:00AM,8.6,1013.1,70.2,5.3,,29.5,301
03/30/19,10:00AM,03/30/19-10:00AM,8.6,1013.9,67.9,10.8,,30.3,330
03/30/19,11:00AM,03/30/19-11:00AM,8.8,1015.0,71.8,3.8,,29.9,302
03/30/19,12:00PM,03/30/19-12:00PM,10.0,1013.7,61.9,16.7,,32.5,279
03/30/19,01:00PM,03/30/19-01:00PM,9.8,1013.5,64.6,19.2,,35.0,274
03/30/19,02:00PM,03/30/19-02:00PM,9.3,1015.5,69.7,18.4,,34.7,316
03/30/19,03:00PM,03/30/19-03:00PM,8.6,1014.4,72.0,14.4,,35.1,291
03/30/19,04:00PM,03/30/19-04:00PM,9.5,1012.7,72.7,19.5,,32.9,320
03/30/19,05:00PM,03/30/19-05:00PM,9.4,1012.1,65.4,17.1,,33.8,354
03/30/19,06:00PM,03/30/19-06:00PM,8.4,1011.0,70.2,24.6,,33.4,265
03/30/19,07:00PM,03/30/19-07:00PM,8.0,1012.2,68.0,17.3,,30.6,308
03/30/19,08:00PM,03/30/19-08:00PM,7.5,1013.1,71.6,10.3,,30.9,301
03/30/19,09:00PM,03/30/19-09:00PM,8.6,1011.3,75.4,15.6,,27.6,273
03/30/19,10:00PM,03/30/19-10:00PM,10.0,1014.3,72.0,10.9,,28.0,300
03/30/19,11:00PM,03/30/19-11:00PM,7.3,1014.6,75.2,15.7,,26.0,295
03/31/19,12:00AM,03/31/19-12:00AM,7.8,1014.1,82.4,19.3,,27.8,286
03/31/19,01:00AM,03/31/19-01:00AM,9.2,1013.9,77.6,10.4,,24.2,312
03/31/19,02:00AM,03/31/19-02:00AM,9.2,1013.7,76.0,11.3,,24.2,290
03/31/19,03:00AM,03/31/19-03:00AM,9.9,1012.6,78.3,3.0,,22.9,267
03/31/19,04:00AM,03/31/19-04:00AM,8.1,1011.8,78.9,9.2,,25.8,304
03/31/19,05:00AM,03/31/19-05:00AM,7.8,1011.2,67.1,7.6,,23.0,285
03/31/19,06:00AM,03/31/19-06:00AM,8.1,1011.7,73.5,3.8,,24.8,319
03/31/19,07:00AM,03/31/19-07:00AM,8.0,1011.3,79.6,4.5,,24.3,270
03/31/19,08:00AM,03/31/19-08:00AM,8.3,1013.4,70.5,8.4,,26.2,313
03/31/19,09:00AM,03/31/19-09:00AM,8.6,1011.9,72.5,3.9,,29.8,303
03/31/19,10:00AM,03/31/19-10:00AM,9.7,1014.7,65.5,5.4,,30.9,308
03/31/19,11:00AM,03/31/19-11:00AM,7.8,1014.1,65.6,10.7,,32.5,268
03/31/19,12:00PM,03/31/19-12:00PM,9.1,1013.7,65.8,13.0,,33.5,325
03/31/19,01:00PM,03/31/19-01:00PM,9.8,1013.5,69.6,13.2,,33.8,301
03/31/19,02:00PM,03/31/19-02:00PM,9.2,1013.5,67.3,17.8,,34.0,350
03/31/19,03:00PM,03/31/19-03:00PM,10.0,1013.8,67.2,15.6,,31.0,303
03/31/19,04:00PM,03/31/19-04:00PM,9.5,1013.1,67.5,15.9,,33.8,344
03/31/19,05:00PM,03/31/19-05:00PM,7.9,1012.3,66.6,16.2,,32.4,297
03/31/19,06:00PM,03/31/19-06:00PM,8.7,1011.7,69.0,16.1,,33.2,4
03/31/19,07:00PM,03/31/19-07:00PM,10.0,1011.3,71.9,19.4,,32.3,265
03/31/19,08:00PM,03/31/19-08:00PM,8.0,1011.4,74.2,10.7,,29.8,339
03/31/19,09:00PM,03/31/19-09:00PM,8.6,1012.8,68.4,14.0,,28.0,249
03/31/19,10:00PM,03/31/19-10:00PM,9.5,1013.3,77.4,14.6,,29.0,323
03/31/19,11:00PM,03/31/19-11:00PM,9.8,1015.3,70.9,9.0,,26.4,340
04/01/19,12:00AM,04/01/19-12:00AM,8.2,1013.3,75.2,9.0,,27.6,283
04/01/19,01:00AM,04/01/19-01:00AM,9.6,1012.1,70.4,8.4,,28.8,317
04/01/19,02:00AM,04/01/19-02:00AM,9.5,1013.5,73.9,3.0,,27.7,332
04/01/19,03:00AM,04/01/19-03:00AM,9.8,1013.6,66.9,10.3,,28.6,343
04/01/19,04:00AM,04/01/19-04:00AM,10.0,1012.7,71.9,4.1,,26.6,315
04/01/19,05:00AM,04/01/19-05:00AM,9.3,1011.1,71.2,12.8,,28.2,321
04/01/19,06:00AM,04/01/19-06:00AM,9.7,1011.5,77.6,6.8,,29.1,294
04/01/19,07:00AM,04/01/19-07:00AM,8.2,1011.8,73.6,2.0,,30.3,318
04/01/19,08:00AM,04/01/19-08:00AM,10.0,1014.0,77.4,7.1,,28.3,336
04/01/19,09:00AM,04/01/19-09:00AM,8.3,1013.4,69.8,7.8,,30.6,288
04/01/19,10:00AM,04/01/19-10:00AM,8.3,1012.7,67.7,4.9,,34.5,319
04/01/19,11:00AM,04/01/19-11:00AM,7.9,1015.7,73.4,7.6,,36.2,297
04/01/19,12:00PM,04/01/19-12:00PM,8.8,1013.9,69.8,19.7,,35.5,331
04/01/19,01:00PM,04/01/19-01:00PM,8.9,1013.4,72.0,8.4,,36.3,321
04/01/19,02:00PM,04/01/19-02:00PM,8.8,1014.1,66.6,18.4,,38.5,321
04/01/19,03:00PM,04/01/19-03:00PM,8.3,1011.9,68.3,17.0,,37.0,341
04/01/19,04:00PM,04/01/19-04:00PM,9.0,1012.8,69.9,20.4,,37.4,326
04/01/19,05:00PM,04/01/19-05:00PM,8.5,1012.2,70.4,20.5,,35.1,316
04/01/19,06:00PM,04/01/19-06:00PM,7.8,1012.0,71.3,16.8,,34.4,288
04/01/19,07:00PM,04/01/19-07:00PM,9.2,1013.0,65.9,23.0,,33.6,285
04/01/19,08:00PM,04/01/19-08:00PM,8.4,1011.9,73.4,21.2,,34.1,312
04/01/19,09:00PM,04/01/19-09:00PM,9.5,1012.9,79.5,11.3,,32.5,317
04/01/19,10:00PM,04/01/19-10:00PM,7.6,1014.1,74.9,11.9,,33.0,318
04/01/19,11:00PM,04/01/19-11:00PM,9.7,1014.2,77.6,14.9,,29.3,348
04/02/19,12:00AM,04/02/19-12:00AM,10.0,1014.3,76.0,13.9,,27.6,297
04/02/19,01:00AM,04/02/19-01:00AM,9.5,1014.1,69.1,9.8,,28.1,326
04/02/19,02:00AM,04/02/19-02:00AM,8.7,1013.6,75.1,10.6,,28.5,349
04/02/19,03:00AM,04/02/19-03:00AM,9.4,1014.5,75.2,7.9,,24.4,311
04/02/19,04:00AM,04/02/19-04:00AM,8.6,1012.0,76.3,11.2,,28.9,321
04/02/19,05:00AM,04/02/19-05:00AM,10.0,1012.4,73.1,9.3,,26.8,278
04/02/19,06:00AM,04/02/19-06:00AM,8.5,1012.5,69.5,4.2,,27.9,295
04/02/19,07:00AM,04/02/19-07:00AM,10.0,1011.3,73.0,2.0,,29.3,287
04/02/19,08:00AM,04/02/19-08:00AM,8.0,1011.8,71.2,7.8,,30.2,304
04/02/19,09:00AM,04/02/19-09:00AM,9.4,1012.5,74.6,6.9,,31.3,317
04/02/19,10:00AM,04/02/19-10:00AM,8.9,1013.2,74.1,2.5,,32.1,318
04/02/19,11:00AM,04/02/19-11:00AM,9.9,1015.0,70.6,10.5,,35.9,321
04/02/19,12:00PM,04/02/19-12:00PM,9.5,1015.7,76.4,14.5,,35.7,319
04/02/19,01:00PM,04/02/19-01:00PM,9.1,1014.1,67.9,15.9,,36.7,335
04/02/19,02:00PM,04/02/19-02:00PM,9.6,1014.5,66.3,16.1,,36.9,316
04/02/19,03:00PM,04/02/19-03:00PM,9.7,1012.5,75.4,17.1,,35.6,311
04/02/19,04:00PM,04/02/19-04:00PM,8.3,1012.4,69.7,17.7,,38.4,335
04/02/19,05:00PM,04/02/19-05:00PM,9.2,1011.7,66.6,15.1,,36.4,298
04/02/19,06:00PM,04/02/19-06:00PM,9.1,1011.2,68.8,20.3,,35.4,303
04/02/19,07:00PM,04/02/19-07:00PM,9.8,1010.8,69.3,10.6,,33.4,301
04/02/19,08:00PM,04/02/19-08:00PM,8.7,1012.1,67.7,19.6,,33.8,300
04/02/19,09:00PM,04/02/19-09:00PM,10.0,1013.5,78.1,13.6,,32.6,326
04/02/19,10:00PM,04/02/19-10:00PM,10.0,1013.2,72.3,15.9,,28.7,304
04/02/19,11:00PM,04/02/19-11:00PM,8.7,1013.2,77.2,12.8,,30.9,356
04/03/19,12:00AM,04/03/19-12:00AM,9.6,1013.9,72.2,11.4,,29.4,318
04/03/19,01:00AM,04/03/19-01:00AM,8.2,1014.5,77.6,14.2,,29.0,283
04/03/19,02:00AM,04/03/19-02:00AM,9.2,1012.8,80.7,10.4,,27.6,291
04/03/19,03:00AM,04/03/19-03:00AM,8.9,1011.8,77.2,6.9,,25.7,329
04/03/19,04:00AM,04/03/19-04:00AM,9.0,1012.6,80.4,6.7,,27.3,8
04/03/19,05:00AM,04/03/19-05:00AM,9.8,1011.5,76.1,3.7,,28.4,306
04/03/19,06:00AM,04/03/19-06:00AM,8.8,1010.9,77.0,7.3,,28.6,323
04/03/19,07:00AM,04/03/19-07:00AM,9.9,1012.9,73.6,3.5,,30.0,352
04/03/19,08:00AM,04/03/19-08:00AM,7.6,1010.5,73.4,10.8,,30.6,322
04/03/19,09:00AM,04/03/19-09:00AM,8.8,1012.7,71.3,10.5,,31.9,289
04/03/19,10:00AM,04/03/19-10:00AM,10.0,1013.1,70.1,13.9,,35.1,314
04/03/19,11:00AM,04/03/19-11:00AM,8.8,1015.1,72.5,6.6,,37.1,327
04/03/19,12:00PM,04/03/19-12:00PM,10.0,1014.0,70.8,12.0,,34.9,315
04/03/19,01:00PM,04/03/19-01:00PM,10.0,1016.0,71.6,14.9,,35.2,326
04/03/19,02:00PM,04/03/19-02:00PM,9.3,1014.1,69.5,16.1,,40.0,336
04/03/19,03:00PM,04/03/19-03:00PM,8.7,1013.8,73.4,17.0,,37.2,273
04/03/19,04:00PM,04/03/19-04:00PM,9.3,1011.8,69.6,19.5,,36.4,304
04/03/19,05:00PM,04/03/19-05:00PM,8.8,1010.9,67.3,17.2,,34.3,335
04/03/19,06:00PM,04/03/19-06:00PM,8.5,1012.5,68.6,18.8,,38.5,315
04/03/19,07:00PM,04/03/19-07:00PM,9.2,1012.1,67.4,17.4,,34.7,353
04/03/19,08:00PM,04/03/19-08:00PM,8.5,1012.6,68.0,11.7,,34.2,350
04/03/19,09:00PM,04/03/19-09:00PM,9.4,1012.1,77.3,19.5,,33.3,323
04/03/19,10:00PM,04/03/19-10:00PM,7.1,1013.8,77.4,17.9,,31.0,291
04/03/19,11:00PM,04/03/19-11:00PM,9.2,1014.6,77.9,17.9,,30.1,7
04/04/19,12:00AM,04/04/19-12:00AM,8.6,1013.1,68.5,13.2,,29.9,317
04/04/19,01:00AM,04/04/19-01:00AM,7.9,1014.3,74.7,7.4,,27.3,324
04/04/19,02:00AM,04/04/19-02:00AM,8.1,1014.7,75.4,7.6,,27.3,306
04/04/19,03:00AM,04/04/19-03:00AM,8.2,1013.5,78.3,9.4,,30.0,303
04/04/19,04:00AM,04/04/19-04:00AM,9.0,1013.0,73.7,4.1,,26.8,311
04/04/19,05:00AM,04/04/19-05:00AM,8.5,1011.5,78.8,6.9,,26.5,298
04/04/19,06:00AM,04/04/19-06:00AM,9.5,1010.5,72.4,8.3,,28.4,357
04/04/19,07:00AM,04/04/19-07:00AM,9.1,1011.9,79.5,10.3,,31.0,252
04/04/19,08:00AM,04/04/19-08:00AM,8.4,1012.7,82.1,8.5,,28.8,271
04/04/19,09:00AM,04/04/19-09:00AM,6.5,1012.4,69.0,5.9,,32.9,301
04/04/19,10:00AM,04/04/19-10:00AM,10.0,1013.4,69.4,4.9,,32.0,254
04/04/19,11:00AM,04/04/19-11:00AM,7.6,1014.2,71.2,7.5,,35.1,279
04/04/19,12:00PM,04/04/19-12:00PM,8.1,1014.0,70.5,10.2,,34.8,317
04/04/19,01:00PM,04/04/19-01:00PM,8.8,1016.0,69.4,17.9,,34.6,300
04/04/19,02:00PM,04/04/19-02:00PM,9.5,1014.8,69.5,10.2,,36.6,322
04/04/19,03:00PM,04/04/19-03:00PM,10.0,1013.3,67.0,17.5,,35.9,283
04/04/19,04:00PM,04/04/19-04:00PM,9.0,1013.1,66.6,16.8,,35.8,306
04/04/19,05:00PM,04/04/19-05:00PM,8.3,1011.1,68.9,18.1,,36.7,327
04/04/19,06:00PM,04/04/19-06:00PM,8.7,1012.0,72.2,21.1,,36.3,294
04/04/19,07:00PM,04/04/19-07:00PM,9.7,1010.6,66.2,20.6,,34.7,286
04/04/19,08:00PM,04/04/19-08:00PM,9.5,1011.1,67.9,21.5,,36.0,341
04/04/19,09:00PM,04/04/19-09:00PM,9.3,1013.9,68.2,16.2,,31.9,324
04/04/19,10:00PM,04/04/19-10:00PM,8.5,1014.9,71.1,13.2,,29.5,318
04/04/19,11:00PM,04/04/19-11:00PM,9.4,1015.1,75.9,12.0,,27.4,344
04/05/19,12:00AM,04/05/19-12:00AM,7.4,1014.9,75.3,12.6,,28.4,318
04/05/19,01:00AM,04/05/19-01:00AM,9.3,1013.1,73.0,12.0,,29.1,336
04/05/19,02:00AM,04/05/19-02:00AM,9.7,1014.2,76.5,4.9,,27.7,322
04/05/19,03:00AM,04/05/19-03:00AM,10.0,1012.8,77.7,8.7,,25.7,297
04/05/19,04:00AM,04/05/19-04:00AM,8.5,1011.3,73.9,8.0,,27.1,283
04/05/19,05:00AM,04/05/19-05:00AM,9.0,1011.9,75.0,10.5,,26.5,320
04/05/19,06:00AM,04/05/19-06:00AM,7.7,1011.1,74.1,3.6,,28.5,326
04/05/19,07:00AM,04/05/19-07:00AM,10.0,1012.0,65.9,10.4,,29.9,284
04/05/19,08:00AM,04/05/19-08:00AM,9.0,1012.3,75.5,12.1,,32.1,267
04/05/19,09:00AM,04/05/19-09:00AM,10.0,1012.1,72.6,7.0,,31.5,305
04/05/19,10:00AM,04/05/19-10:00AM,10.0,1013.5,74.4,5.1,,33.1,311
04/05/19,11:00AM,04/05/19-11:00AM,7.6,1013.9,70.5,10.2,,34.5,310
04/05/19,12:00PM,04/05/19-12:00PM,9.1,1014.5,73.3,9.9,,35.2,297
04/05/19,01:00PM,04/05/19-01:00PM,7.6,1013.3,65.0,12.9,,35.0,318
04/05/19,02:00PM,04/05/19-02:00PM,9.4,1014.5,70.5,20.0,,36.2,336
04/05/19,03:00PM,04/05/19-03:00PM,7.2,1012.9,66.7,11.7,,34.3,310
04/05/19,04:00PM,04/05/19-04:00PM,8.4,1012.2,69.0,18.7,,35.3,301
04/05/19,05:00PM,04/05/19-05:00PM,9.8,1010.9,70.2,11.5,,35.4,286
04/05/19,06:00PM,04/05/19-06:00PM,8.4,1011.8,68.2,21.0,,35.7,311
04/05/19,07:00PM,04/05/19-07:00PM,9.8,1012.0,72.4,15.6,,31.8,293
04/05/19,08:00PM,04/05/19-08:00PM,7.9,1011.4,69.3,16.3,,32.2,335
04/05/19,09:00PM,04/05/19-09:00PM,9.5,1012.3,73.2,18.5,,30.7,313
04/05/19,10:00PM,04/05/19-10:00PM,9.1,1015.5,72.1,17.8,,33.9,315
04/05/19,11:00PM,04/05/19-11:00PM,9.7,1014.1,73.7,13.7,,30.1,328
04/06/19,12:00AM,04/06/19-12:00AM,9.3,1013.1,77.9,9.7,,29.0,301
04/06/19,01:00AM,04/06/19-01:00AM,9.8,1015.5,71.5,12.2,,28.9,360
04/06/19,02:00AM,04/06/19-02:00AM,8.7,1015.0,72.9,6.7,,26.3,346
04/06/19,03:00AM,04/06/19-03:00AM,9.1,1012.4,77.5,5.1,,28.2,319
04/06/19,04:00AM,04/06/19-04:00AM,10.0,1012.1,78.7,7.4,,27.5,341
04/06/19,05:00AM,04/06/19-05:00AM,7.9,1012.3,74.0,6.6,,27.9,309
04/06/19,06:00AM,04/06/19-06:00AM,9.9,1009.2,77.6,9.7,,29.3,328
04/06/19,07:00AM,04/06/19-07:00AM,9.1,1011.0,79.0,12.8,,31.0,299
04/06/19,08:00AM,04/06/19-08:00AM,9.5,1012.4,80.6,7.8,,28.5,354
04/06/19,09:00AM,04/06/19-09:00AM,8.4,1012.2,71.8,15.1,,31.9,279
04/06/19,10:00AM,04/06/19-10:00AM,8.3,1013.7,74.7,11.8,,36.8,323
04/06/19,11:00AM,04/06/19-11:00AM,8.6,1014.9,72.3,9.2,,36.1,324
04/06/19,12:00PM,04/06/19-12:00PM,9.1,1015.6,71.2,10.4,,35.9,320
04/06/19,01:00PM,04/06/19-01:00PM,7.6,1013.7,67.4,9.9,,35.7,299
04/06/19,02:00PM,04/06/19-02:00PM,8.5,1014.3,63.4,10.4,,36.1,345
04/06/19,03:00PM,04/06/19-03:00PM,8.2,1011.7,69.1,22.7,,39.3,335
04/06/19,04:00PM,04/06/19-04:00PM,8.8,1014.1,66.5,13.7,,37.4,310
04/06/19,05:00PM,04/06/19-05:00PM,8.9,1010.9,65.8,19.6,,35.2,291
04/06/19,06:00PM,04/06/19-06:00PM,7.8,1011.1,68.1,18.2,,36.5,314
04/06/19,07:00PM,04/06/19-07:00PM,9.0,1011.5,75.5,19.6,,33.9,32
04/06/19,08:00PM,04/06/19-08:00PM,8.7,1012.8,73.8,13.8,,32.4,280
04/06/19,09:00PM,04/06/19-09:00PM,8.6,1012.3,70.2,19.9,,31.5,342
04/06/19,10:00PM,04/06/19-10:00PM,8.4,1013.3,80.0,13.9,,29.7,317
04/06/19,11:00PM,04/06/19-11:00PM,9.0,1014.6,73.4,16.9,,27.6,332
04/07/19,12:00AM,04/07/19-12:00AM,9.2,1015.0,73.7,12.1,,29.3,307
04/07/19,01:00AM,04/07/19-01:00AM,8.2,1014.7,77.2,15.1,,27.7,294
04/07/19,02:00AM,04/07/19-02:00AM,8.0,1013.3,76.0,16.4,,24.7,285
04/07/19,03:00AM,04/07/19-03:00AM,8.6,1014.1,78.8,6.2,,23.2,292
04/07/19,04:00AM,04/07/19-04:00AM,9.9,1013.1,70.4,7.5,,27.9,313
04/07/19,05:00AM,04/07/19-05:00AM,9.3,1011.3,70.2,10.2,,29.4,310
04/07/19,06:00AM,04/07/19-06:00AM,9.4,1010.7,78.6,3.4,,31.6,294
04/07/19,07:00AM,04/07/19-07:00AM,8.1,1011.8,69.9,9.4,,29.3,296
04/07/19,08:00AM,04/07/19-08:00AM,8.3,1010.9,69.4,4.6,,31.0,294
04/07/19,09:00AM,04/07/19-09:00AM,9.2,1012.3,70.1,5.1,,30.6,299
04/07/19,10:00AM,04/07/19-10:00AM,10.0,1013.6,71.7,5.9,,31.1,272
04/07/19,11:00AM,04/07/19-11:00AM,8.0,1014.9,69.6,12.7,,34.7,311
04/07/19,12:00PM,04/07/19-12:00PM,9.0,1014.5,72.8,15.8,,34.7,281
04/07/19,01:00PM,04/07/19-01:00PM,9.0,1014.4,67.1,15.2,,36.6,307
04/07/19,02:00PM,04/07/19-02:00PM,9.6,1013.1,57.3,18.1,,37.3,334
04/07/19,03:00PM,04/07/19-03:00PM,8.1,1012.4,67.8,16.5,,35.3,323
04/07/19,04:00PM,04/07/19-04:00PM,9.1,1011.3,65.9,20.3,,38.1,334
04/07/19,05:00PM,04/07/19-05:00PM,10.0,1011.4,66.7,17.5,,37.1,293
04/07/19,06:00PM,04/07/19-06:00PM,9.3,1010.8,65.9,15.9,,37.6,302
04/07/19,07:00PM,04/07/19-07:00PM,8.5,1011.6,65.8,20.0,,35.5,317
04/07/19,08:00PM,04/07/19-08:00PM,9.3,1012.4,73.9,16.1,,32.4,321
04/07/19,09:00PM,04/07/19-09:00PM,9.5,1011.6,77.4,19.4,,31.4,281
04/07/19,10:00PM,04/07/19-10:00PM,9.9,1014.1,78.6,14.2,,30.6,317
04/07/19,11:00PM,04/07/19-11:00PM,8.4,1013.4,70.5,14.3,,28.1,323
04/08/19,12:00AM,04/08/19-12:00AM,8.6,1015.7,73.1,9.2,,29.4,317
04/08/19,01:00AM,04/08/19-01:00AM,7.5,1012.7,74.0,8.2,,27.9,336
04/08/19,02:00AM,04/08/19-02:00AM,9.5,1014.1,78.2,3.5,,29.6,307
04/08/19,03:00AM,04/08/19-03:00AM,7.7,1012.9,79.9,8.7,,26.4,321
04/08/19,04:00AM,04/08/19-04:00AM,8.3,1011.1,78.0,6.5,,26.6,342
04/08/19,05:00AM,04/08/19-05:00AM,9.5,1012.1,82.5,10.6,,29.7,298
04/08/19,06:00AM,04/08/19-06:00AM,8.1,1012.8,74.8,5.2,,29.5,9
04/08/19,07:00AM,04/08/19-07:00AM,8.3,1011.2,75.5,3.5,,28.1,302
04/08/19,08:00AM,04/08/19-08:00AM,9.7,1011.0,71.7,2.0,,29.7,325
04/08/19,09:00AM,04/08/19-09:00AM,8.7,1013.8,68.4,3.1,,32.7,321
04/08/19,10:00AM,04/08/19-10:00AM,8.0,1014.7,69.3,7.0,,32.8,307
04/08/19,11:00AM,04/08/19-11:00AM,10.0,1014.5,68.2,8.5,,34.3,330
04/08/19,12:00PM,04/08/19-12:00PM,9.3,1013.9,74.4,11.3,,35.1,305
04/08/19,01:00PM,04/08/19-01:00PM,10.0,1014.5,63.1,11.3,,39.3,278
04/08/19,02:00PM,04/08/19-02:00PM,10.0,1013.2,68.2,14.3,,35.3,321
04/08/19,03:00PM,04/08/19-03:00PM,9.6,1013.8,63.8,16.4,,35.5,342
04/08/19,04:00PM,04/08/19-04:00PM,8.0,1012.3,69.6,15.6,,36.7,302
04/08/19,05:00PM,04/08/19-05:00PM,9.6,1012.7,69.7,20.9,,36.9,326
04/08/19,06:00PM,04/08/19-06:00PM,10.0,1009.6,66.2,20.8,,35.1,272
04/08/19,07:00PM,04/08/19-07:00PM,8.5,1012.2,73.4,13.6,,32.5,292
04/08/19,08:00PM,04/08/19-08:00PM,9.3,1012.2,71.2,17.7,,33.0,342
04/08/19,09:00PM,04/08/19-09:00PM,9.5,1014.5,71.2,22.9,,30.9,319
04/08/19,10:00PM,04/08/19-10:00PM,10.0,1014.7,70.7,10.8,,32.2,318
04/08/19,11:00PM,04/08/19-11:00PM,9.3,1015.4,74.8,17.1,,30.8,271
04/09/19,12:00AM,04/09/19-12:00AM,9.5,1014.9,72.3,15.6,,27.6,335
04/09/19,01:00AM,04/09/19-01:00AM,9.6,1014.2,77.5,9.7,,27.3,260
04/09/19,02:00AM,04/09/19-02:00AM,7.7,1014.1,75.9,7.3,,28.3,276
04/09/19,03:00AM,04/09/19-03:00AM,7.7,1014.1,73.5,8.0,,28.4,274
04/09/19,04:00AM,04/09/19-04:00AM,9.0,1012.0,77.7,3.4,,26.1,306
04/09/19,05:00AM,04/09/19-05:00AM,8.5,1012.8,75.5,5.2,,29.5,307
04/09/19,06:00AM,04/09/19-06:00AM,9.0,1010.9,82.7,6.7,,29.7,316
04/09/19,07:00AM,04/09/19-07:00AM,8.8,1010.5,71.5,5.8,,32.0,299
04/09/19,08:00AM,04/09/19-08:00AM,7.7,1013.8,73.0,5.3,,31.9,341
04/09/19,09:00AM,04/09/19-09:00AM,7.6,1011.8,73.6,5.7,,30.0,321
04/09/19,10:00AM,04/09/19-10:00AM,8.7,1014.4,69.0,11.4,,33.4,275
04/09/19,11:00AM,04/09/19-11:00AM,9.2,1013.8,73.1,9.2,,34.9,290
04/09/19,12:00PM,04/09/19-12:00PM,9.0,1014.4,68.4,9.5,,36.0,353
04/09/19,01:00PM,04/09/19-01:00PM,9.7,1013.2,72.7,10.3,,37.3,273
04/09/19,02:00PM,04/09/19-02:00PM,10.0,1016.2,66.6,16.2,,36.5,274
04/09/19,03:00PM,04/09/19-03:00PM,8.4,1013.3,69.3,18.8,,37.3,323
04/09/19,04:00PM,04/09/19-04:00PM,8.1,1011.5,73.4,13.2,,36.5,268
04/09/19,05:00PM,04/09/19-05:00PM,10.0,1010.4,66.1,19.1,,34.0,310
04/09/19,06:00PM,04/09/19-06:00PM,9.3,1013.0,73.9,17.9,,35.2,314
04/09/19,07:00PM,04/09/19-07:00PM,8.0,1012.1,68.5,22.1,,33.2,294
04/09/19,08:00PM,04/09/19-08:00PM,9.8,1011.1,68.9,18.3,,34.0,329
04/09/19,09:00PM,04/09/19-09:00PM,9.8,1012.9,70.5,16.4,,34.6,267
04/09/19,10:00PM,04/09/19-10:00PM,8.5,1013.7,68.5,15.4,,30.8,305
04/09/19,11:00PM,04/09/19-11:00PM,9.0,1013.5,80.0,12.0,,29.5,313
04/10/19,12:00AM,04/10/19-12:00AM,9.6,1014.7,74.0,11.6,,28.4,314
04/10/19,01:00AM,04/10/19-01:00AM,10.0,1012.7,72.0,10.8,,27.4,320
04/10/19,02:00AM,04/10/19-02:00AM,9.3,1013.6,74.3,9.6,,27.0,327
04/10/19,03:00AM,04/10/19-03:00AM,8.0,1013.7,77.7,6.0,,27.0,330
04/10/19,04:00AM,04/10/19-04:00AM,8.6,1012.3,77.4,10.4,,28.3,297
04/10/19,05:00AM,04/10/19-05:00AM,9.5,1012.0,70.3,4.2,,27.6,297
04/10/19,06:00AM,04/10/19-06:00AM,10.0,1010.5,81.1,2.0,,28.1,310
04/10/19,07:00AM,04/10/19-07:00AM,10.0,1010.1,75.9,3.4,,28.3,311
04/10/19,08:00AM,04/10/19-08:00AM,8.6,1013.2,70.2,10.9,,30.2,338
04/10/19,09:00AM,04/10/19-09:00AM,8.7,1012.1,71.7,5.6,,32.3,286
04/10/19,10:00AM,04/10/19-10:00AM,9.2,1014.8,70.3,8.0,,34.7,304
04/10/19,11:00AM,04/10/19-11:00AM,9.2,1012.9,67.6,12.7,,34.8,303
04/10/19,12:00PM,04/10/19-12:00PM,9.6,1013.4,66.4,13.7,,36.0,311
04/10/19,01:00PM,04/10/19-01:00PM,9.1,1013.9,74.7,12.9,,36.6,349
04/10/19,02:00PM,04/10/19-02:00PM,7.3,1015.4,64.9,17.5,,35.1,285
04/10/19,03:00PM,04/10/19-03:00PM,8.7,1012.3,69.3,19.4,,36.7,319
04/10/19,04:00PM,04/10/19-04:00PM,9.6,1011.2,66.3,14.6,,37.7,333
04/10/19,05:00PM,04/10/19-05:00PM,9.6,1012.3,65.3,19.2,,37.0,333
04/10/19,06:00PM,04/10/19-06:00PM,8.7,1011.3,70.1,20.0,,35.9,311
04/10/19,07:00PM,04/10/19-07:00PM,8.6,1010.9,70.7,19.1,,34.2,293
04/10/19,08:00PM,04/10/19-08:00PM,9.7,1012.8,67.9,18.1,,34.4,269
04/10/19,09:00PM,04/10/19-09:00PM,9.2,1014.3,74.0,18.3,,31.5,310
04/10/19,10:00PM,04/10/19-10:00PM,9.3,1014.3,73.3,13.8,,32.9,320
04/10/19,11:00PM,04/10/19-11:00PM,9.5,1015.4,73.1,13.0,,29.6,286
04/11/19,12:00AM,04/11/19-12:00AM,7.7,1014.5,71.1,17.8,,29.7,318
04/11/19,01:00AM,04/11/19-01:00AM,9.4,1013.6,74.4,17.9,,26.9,321
04/11/19,02:00AM,04/11/19-02:00AM,9.8,1014.3,67.6,11.9,,27.0,314
04/11/19,03:00AM,04/11/19-03:00AM,8.2,1013.3,74.5,6.2,,27.7,294
04/11/19,04:00AM,04/11/19-04:00AM,9.5,1012.6,79.4,10.9,,27.1,342
04/11/19,05:00AM,04/11/19-05:00AM,7.2,1010.2,74.2,4.2,,27.0,266
04/11/19,06:00AM,04/11/19-06:00AM,7.9,1011.9,75.0,6.9,,31.0,330
04/11/19,07:00AM,04/11/19-07:00AM,9.3,1012.3,75.9,7.9,,30.1,310
04/11/19,08:00AM,04/11/19-08:00AM,9.8,1011.5,75.1,5.7,,31.6,286
04/11/19,09:00AM,04/11/19-09:00AM,9.3,1013.2,72.3,7.2,,30.7,317
04/11/19,10:00AM,04/11/19-10:00AM,9.7,1015.7,69.7,4.1,,33.0,280
04/11/19,11:00AM,04/11/19-11:00AM,8.3,1014.6,67.3,9.7,,34.0,310
04/11/19,12:00PM,04/11/19-12:00PM,7.4,1013.6,67.4,10.6,,35.1,272
04/11/19,01:00PM,04/11/19-01:00PM,8.0,1014.0,66.3,12.7,,35.5,331
04/11/19,02:00PM,04/11/19-02:00PM,9.1,1015.9,64.0,19.2,,38.1,252
04/11/19,03:00PM,04/11/19-03:00PM,9.8,1011.9,73.9,14.8,,36.7,285
04/11/19,04:00PM,04/11/19-04:00PM,9.7,1011.8,70.0,19.9,,38.9,319
04/11/19,05:00PM,04/11/19-05:00PM,8.7,1012.4,68.0,16.0,,36.8,304
04/11/19,06:00PM,04/11/19-06:00PM,9.1,1010.6,73.7,18.3,,35.3,318
04/11/19,07:00PM,04/11/19-07:00PM,8.9,1011.3,68.5,11.1,,34.0,293
04/11/19,08:00PM,04/11/19-08:00PM,9.8,1011.6,69.0,18.2,,30.7,270
04/11/19,09:00PM,04/11/19-09:00PM,9.4,1013.3,77.8,18.8,,33.0,316
04/11/19,10:00PM,04/11/19-10:00PM,9.7,1012.8,73.4,11.5,,28.3,337
04/11/19,11:00PM,04/11/19-11:00PM,9.2,1014.8,75.5,22.9,,30.1,322
04/12/19,12:00AM,04/12/19-12:00AM,9.7,1014.7,75.2,10.4,,28.5,321
04/12/19,01:00AM,04/12/19-01:00AM,8.6,1015.2,77.1,6.4,,27.7,325
04/12/19,02:00AM,04/12/19-02:00AM,9.7,1013.0,76.7,7.6,,28.1,292
04/12/19,03:00AM,04/12/19-03:00AM,8.8,1012.9,74.0,4.4,,27.9,296
04/12/19,04:00AM,04/12/19-04:00AM,10.0,1011.7,73.2,6.8,,26.5,9
04/12/19,05:00AM,04/12/19-05:00AM,8.9,1010.9,80.6,2.0,,29.1,312
04/12/19,06:00AM,04/12/19-06:00AM,8.7,1012.2,76.2,7.1,,28.0,293
04/12/19,07:00AM,04/12/19-07:00AM,7.7,1011.8,76.1,4.9,,29.8,328
04/12/19,08:00AM,04/12/19-08:00AM,6.5,1012.8,74.0,11.8,,31.2,323
04/12/19,09:00AM,04/12/19-09:00AM,9.0,1012.8,75.4,8.3,,33.1,326
04/12/19,10:00AM,04/12/19-10:00AM,8.8,1015.2,74.0,8.6,,34.2,338
04/12/19,11:00AM,04/12/19-11:00AM,10.0,1013.4,64.3,12.6,,35.6,288
04/12/19,12:00PM,04/12/19-12:00PM,8.7,1015.2,69.3,11.7,,36.1,288
04/12/19,01:00PM,04/12/19-01:00PM,8.8,1015.5,70.5,9.6,,34.8,323
04/12/19,02:00PM,04/12/19-02:00PM,8.6,1013.6,66.2,15.5,,36.7,297
04/12/19,03:00PM,04/12/19-03:00PM,8.7,1013.0,70.2,12.0,,38.1,297
04/12/19,04:00PM,04/12/19-04:00PM,9.1,1014.1,64.1,19.7,,34.3,320
04/12/19,05:00PM,04/12/19-05:00PM,8.4,1010.3,70.0,18.6,,35.7,276
04/12/19,06:00PM,04/12/19-06:00PM,6.9,1010.5,69.0,13.4,,34.2,287
04/12/19,07:00PM,04/12/19-07:00PM,10.0,1011.7,68.8,18.2,,36.2,261
04/12/19,08:00PM,04/12/19-08:00PM,8.4,1011.7,75.2,17.3,,34.1,305
04/12/19,09:00PM,04/12/19-09:00PM,8.5,1012.7,66.1,22.1,,31.5,303
04/12/19,10:00PM,04/12/19-10:00PM,9.4,1012.8,74.8,14.1,,32.7,310
04/12/19,11:00PM,04/12/19-11:00PM,7.1,1014.7,71.7,9.8,,29.5,320
04/13/19,12:00AM,04/13/19-12:00AM,7.6,1015.4,73.1,9.9,,30.3,316
04/13/19,01:00AM,04/13/19-01:00AM,8.8,1013.9,76.5,9.9,,27.4,304
04/13/19,02:00AM,04/13/19-02:00AM,9.8,1014.0,75.6,10.6,,27.0,292
04/13/19,03:00AM,04/13/19-03:00AM,8.4,1012.5,82.5,6.4,,26.4,337
04/13/19,04:00AM,04/13/19-04:00AM,8.2,1011.0,78.0,3.8,,29.0,332
04/13/19,05:00AM,04/13/19-05:00AM,9.2,1012.3,76.7,2.0,,28.5,295
04/13/19,06:00AM,04/13/19-06:00AM,9.7,1011.8,75.8,4.6,,28.5,341
04/13/19,07:00AM,04/13/19-07:00AM,8.2,1011.5,72.3,7.4,,29.8,241
04/13/19,08:00AM,04/13/19-08:00AM,8.5,1011.8,81.0,6.8,,31.5,277
04/13/19,09:00AM,04/13/19-09:00AM,8.5,1012.1,76.9,6.2,,32.5,278
04/13/19,10:00AM,04/13/19-10:00AM,9.5,1013.0,68.4,8.7,,37.1,300
04/13/19,11:00AM,04/13/19-11:00AM,8.7,1013.9,70.8,12.8,,35.5,339
04/13/19,12:00PM,04/13/19-12:00PM,8.9,1014.4,67.3,13.2,,36.6,294
04/13/19,01:00PM,04/13/19-01:00PM,9.1,1014.3,63.8,14.1,,36.0,263
04/13/19,02:00PM,04/13/19-02:00PM,9.8,1014.5,74.2,18.8,,36.6,311
04/13/19,03:00PM,04/13/19-03:00PM,8.3,1014.9,61.2,19.0,,36.9,305
04/13/19,04:00PM,04/13/19-04:00PM,9.5,1010.6,71.5,19.6,,35.1,282
04/13/19,05:00PM,04/13/19-05:00PM,8.0,1011.3,69.8,11.6,,36.7,284
04/13/19,06:00PM,04/13/19-06:00PM,8.9,1011.2,61.7,17.7,,35.2,315
04/13/19,07:00PM,04/13/19-07:00PM,8.1,1013.9,70.7,18.4,,33.5,321
04/13/19,08:00PM,04/13/19-08:00PM,9.0,1013.1,68.4,23.8,,33.5,298
04/13/19,09:00PM,04/13/19-09:00PM,9.6,1013.5,70.6,16.7,,32.7,335
04/13/19,10:00PM,04/13/19-10:00PM,9.8,1013.3,70.2,20.2,,31.4,306
04/13/19,11:00PM,04/13/19-11:00PM,8.8,1013.4,74.2,13.0,,30.6,353
04/14/19,12:00AM,04/14/19-12:00AM,9.9,1015.1,75.5,14.4,,26.2,281
04/14/19,01:00AM,04/14/19-01:00AM,10.0,1014.9,77.7,13.5,,27.2,288
04/14/19,02:00AM,04/14/19-02:00AM,8.7,1014.1,78.0,12.9,,26.9,311
04/14/19,03:00AM,04/14/19-03:00AM,9.4,1012.1,79.8,6.5,,26.7,299
04/14/19,04:00AM,04/14/19-04:00AM,8.0,1011.6,79.3,4.7,,28.2,310
04/14/19,05:00AM,04/14/19-05:00AM,8.5,1011.0,74.8,3.1,,25.3,320
04/14/19,06:00AM,04/14/19-06:00AM,10.0,1011.6,77.2,7.7,,28.4,304
04/14/19,07:00AM,04/14/19-07:00AM,8.9,1011.3,72.3,9.9,,29.0,314
04/14/19,08:00AM,04/14/19-08:00AM,8.6,1011.1,75.1,6.5,,33.4,349
04/14/19,09:00AM,04/14/19-09:00AM,7.8,1014.1,76.0,7.9,,30.8,269
04/14/19,10:00AM,04/14/19-10:00AM,9.1,1013.5,67.9,7.9,,33.0,331
04/14/19,11:00AM,04/14/19-11:00AM,7.6,1013.6,72.3,6.7,,36.0,303
04/14/19,12:00PM,04/14/19-12:00PM,9.2,1014.4,68.4,10.6,,33.7,342
04/14/19,01:00PM,04/14/19-01:00PM,9.0,1013.3,69.5,10.6,,38.6,308
04/14/19,02:00PM,04/14/19-02:00PM,8.6,1014.8,72.2,11.4,,37.7,312
04/14/19,03:00PM,04/14/19-03:00PM,8.9,1011.5,66.8,18.4,,36.9,343
04/14/19,04:00PM,04/14/19-04:00PM,9.2,1011.4,67.3,16.7,,38.5,339
04/14/19,05:00PM,04/14/19-05:00PM,8.2,1011.8,76.1,17.3,,36.5,2
04/14/19,06:00PM,04/14/19-06:00PM,8.0,1011.5,62.1,16.5,,33.7,314
04/14/19,07:00PM,04/14/19-07:00PM,9.0,1010.7,77.4,16.0,,33.8,341
04/14/19,08:00PM,04/14/19-08:00PM,7.7,1013.0,78.6,13.3,,32.1,342
04/14/19,09:00PM,04/14/19-09:00PM,9.4,1013.2,67.2,20.8,,32.6,342
04/14/19,10:00PM,04/14/19-10:00PM,8.6,1012.2,79.6,18.2,,31.6,308
04/14/19,11:00PM,04/14/19-11:00PM,10.0,1014.7,73.6,8.9,,29.1,316
04/15/19,12:00AM,04/15/19-12:00AM,8.9,1013.3,72.2,9.8,,28.4,332
04/15/19,01:00AM,04/15/19-01:00AM,10.0,1014.1,76.7,12.5,,28.7,313
04/15/19,02:00AM,04/15/19-02:00AM,9.7,1012.5,71.6,6.5,,26.2,295
04/15/19,03:00AM,04/15/19-03:00AM,9.7,1013.4,77.0,9.2,,28.7,303
04/15/19,04:00AM,04/15/19-04:00AM,9.7,1011.9,79.9,3.8,,27.6,317
04/15/19,05:00AM,04/15/19-05:00AM,8.2,1012.2,76.6,8.6,,27.6,300
04/15/19,06:00AM,04/15/19-06:00AM,8.5,1010.6,81.6,8.1,,27.0,303
04/15/19,07:00AM,04/15/19-07:00AM,8.4,1010.5,74.8,12.5,,29.9,346
04/15/19,08:00AM,04/15/19-08:00AM,7.0,1010.5,70.3,5.5,,31.3,281
04/15/19,09:00AM,04/15/19-09:00AM,10.0,1014.3,75.8,2.3,,31.3,328
04/15/19,10:00AM,04/15/19-10:00AM,8.8,1013.0,69.2,10.4,,34.6,323
04/15/19,11:00AM,04/15/19-11:00AM,9.6,1015.0,70.0,11.7,,34.6,281
04/15/19,12:00PM,04/15/19-12:00PM,9.6,1014.1,70.3,12.9,,36.3,334
04/15/19,01:00PM,04/15/19-01:00PM,8.9,1013.3,71.9,10.6,,37.5,286
04/15/19,02:00PM,04/15/19-02:00PM,8.5,1015.3,63.6,13.6,,33.6,333
04/15/19,03:00PM,04/15/19-03:00PM,8.5,1012.9,72.2,19.3,,35.8,294
04/15/19,04:00PM,04/15/19-04:00PM,8.7,1013.4,65.3,18.1,,37.4,314
04/15/19,05:00PM,04/15/19-05:00PM,10.0,1011.6,73.8,19.3,,34.7,324
04/15/19,06:00PM,04/15/19-06:00PM,9.4,1011.6,66.4,20.0,,35.5,312
04/15/19,07:00PM,04/15/19-07:00PM,7.4,1011.9,77.4,21.3,,37.2,306
04/15/19,08:00PM,04/15/19-08:00PM,9.4,1012.3,67.6,17.6,,33.3,306
04/15/19,09:00PM,04/15/19-09:00PM,9.5,1013.0,70.8,12.9,,32.5,0
04/15/19,10:00PM,04/15/19-10:00PM,9.1,1014.1,76.2,15.6,,30.8,310
04/15/19,11:00PM,04/15/19-11:00PM,10.0,1014.0,78.0,14.5,,29.6,339
04/16/19,12:00AM,04/16/19-12:00AM,8.4,1014.4,74.6,9.9,,26.8,326
04/16/19,01:00AM,04/16/19-01:00AM,8.9,1014.6,80.2,15.8,,27.4,301
04/16/19,02:00AM,04/16/19-02:00AM,8.9,1014.1,76.5,9.1,,28.9,311
04/16/19,03:00AM,04/16/19-03:00AM,9.2,1013.9,79.2,8.4,,27.3,309
04/16/19,04:00AM,04/16/19-04:00AM,8.7,1012.7,75.9,8.7,,28.3,312
04/16/19,05:00AM,04/16/19-05:00AM,9.3,1011.2,76.7,11.4,,28.4,310
04/16/19,06:00AM,04/16/19-06:00AM,8.7,1011.4,75.1,4.7,,30.4,331
04/16/19,07:00AM,04/16/19-07:00AM,8.5,1012.8,67.5,2.5,,29.5,305
04/16/19,08:00AM,04/16/19-08:00AM,10.0,1012.8,72.9,4.4,,30.9,313
04/16/19,09:00AM,04/16/19-09:00AM,9.0,1013.8,69.7,5.5,,30.7,273
04/16/19,10:00AM,04/16/19-10:00AM,9.4,1013.6,76.1,6.0,,32.8,327
04/16/19,11:00AM,04/16/19-11:00AM,9.0,1014.5,66.7,10.2,,37.0,316
04/16/19,12:00PM,04/16/19-12:00PM,9.5,1014.3,65.4,7.5,,36.0,296
04/16/19,01:00PM,04/16/19-01:00PM,8.0,1015.2,71.1,11.1,,36.3,300
04/16/19,02:00PM,04/16/19-02:00PM,8.1,1013.7,66.2,14.9,,35.3,20
04/16/19,03:00PM,04/16/19-03:00PM,8.3,1011.8,66.6,16.8,,37.6,316
04/16/19,04:00PM,04/16/19-04:00PM,8.7,1012.8,64.8,19.6,,36.8,302
04/16/19,05:00PM,04/16/19-05:00PM,8.8,1011.1,69.2,18.3,,35.3,292
04/16/19,06:00PM,04/16/19-06:00PM,10.0,1011.1,69.4,15.1,,34.7,294
04/16/19,07:00PM,04/16/19-07:00PM,8.1,1012.0,68.6,15.9,,35.2,329
04/16/19,08:00PM,04/16/19-08:00PM,8.9,1013.0,71.8,19.8,,34.0,294
04/16/19,09:00PM,04/16/19-09:00PM,8.7,1012.8,68.7,22.5,,30.6,292
04/16/19,10:00PM,04/16/19-10:00PM,8.9,1013.9,67.1,18.7,,32.2,341
04/16/19,11:00PM,04/16/19-11:00PM,9.4,1014.7,67.1,9.8,,29.3,338
04/17/19,12:00AM,04/17/19-12:00AM,9.6,1014.4,74.4,14.2,,29.5,237
04/17/19,01:00AM,04/17/19-01:00AM,9.0,1013.8,73.6,8.7,,26.6,246
04/17/19,02:00AM,04/17/19-02:00AM,10.0,1012.7,74.3,6.7,,26.0,282
04/17/19,03:00AM,04/17/19-03:00AM,10.0,1013.1,79.0,5.7,,27.9,332
04/17/19,04:00AM,04/17/19-04:00AM,8.8,1013.1,74.0,10.2,,28.0,327
04/17/19,05:00AM,04/17/19-05:00AM,9.7,1010.5,79.4,4.3,,27.7,330
04/17/19,06:00AM,04/17/19-06:00AM,8.6,1010.9,75.0,7.9,,27.6,308
04/17/19,07:00AM,04/17/19-07:00AM,8.6,1010.9,75.7,4.3,,28.3,302
04/17/19,08:00AM,04/17/19-08:00AM,8.4,1013.1,75.2,3.8,,29.7,302
04/17/19,09:00AM,04/17/19-09:00AM,8.3,1013.5,70.6,6.2,,30.3,289
04/17/19,10:00AM,04/17/19-10:00AM,9.1,1013.7,67.1,14.8,,34.6,315
04/17/19,11:00AM,04/17/19-11:00AM,7.6,1015.4,58.5,6.6,,35.4,277
04/17/19,12:00PM,04/17/19-12:00PM,9.4,1013.8,62.3,12.9,,35.5,304
04/17/19,01:00PM,04/17/19-01:00PM,9.8,1015.2,69.6,13.9,,37.4,23
04/17/19,02:00PM,04/17/19-02:00PM,9.6,1014.1,71.5,11.4,,35.3,279
04/17/19,03:00PM,04/17/19-03:00PM,9.8,1013.5,62.4,11.2,,36.9,327
04/17/19,04:00PM,04/17/19-04:00PM,9.3,1012.3,68.7,21.1,,36.8,303
04/17/19,05:00PM,04/17/19-05:00PM,9.1,1011.4,67.1,17.8,,38.1,286
04/17/19,06:00PM,04/17/19-06:00PM,7.8,1011.7,71.3,24.3,,36.8,303
04/17/19,07:00PM,04/17/19-07:00PM,7.3,1011.4,72.2,19.4,,34.9,326
04/17/19,08:00PM,04/17/19-08:00PM,9.0,1012.5,69.6,21.6,,32.8,287
04/17/19,09:00PM,04/17/19-09:00PM,9.2,1012.1,72.5,19.2,,32.5,329
04/17/19,10:00PM,04/17/19-10:00PM,10.0,1014.6,74.3,17.9,,31.0,276
04/17/19,11:00PM,04/17/19-11:00PM,10.0,1014.4,73.3,10.3,,29.5,277
04/18/19,12:00AM,04/18/19-12:00AM,9.0,1014.7,66.1,20.6,,25.8,310
04/18/19,01:00AM,04/18/19-01:00AM,8.3,1015.9,75.5,10.2,,29.1,301
04/18/19,02:00AM,04/18/19-02:00AM,7.4,1014.5,72.9,14.0,,28.1,292
04/18/19,03:00AM,04/18/19-03:00AM,9.6,1013.2,73.0,5.3,,29.7,312
04/18/19,04:00AM,04/18/19-04:00AM,9.6,1012.1,75.4,7.4,,25.9,310
04/18/19,05:00AM,04/18/19-05:00AM,9.1,1011.5,76.8,2.8,,25.7,356
04/18/19,06:00AM,04/18/19-06:00AM,10.0,1012.2,69.8,2.6,,28.5,312
04/18/19,07:00AM,04/18/19-07:00AM,7.6,1011.1,75.3,10.2,,29.9,328
04/18/19,08:00AM,04/18/19-08:00AM,7.8,1012.7,73.1,6.2,,32.2,289
04/18/19,09:00AM,04/18/19-09:00AM,8.9,1013.5,74.6,11.0,,32.7,296
04/18/19,10:00AM,04/18/19-10:00AM,8.2,1014.1,68.7,10.8,,33.0,274
04/18/19,11:00AM,04/18/19-11:00AM,8.2,1013.9,69.3,9.8,,32.5,301
04/18/19,12:00PM,04/18/19-12:00PM,8.0,1014.1,69.2,7.7,,36.1,306
04/18/19,01:00PM,04/18/19-01:00PM,7.7,1014.9,65.0,9.5,,37.0,301
04/18/19,02:00PM,04/18/19-02:00PM,8.7,1013.7,68.2,13.0,,36.2,272
04/18/19,03:00PM,04/18/19-03:00PM,8.2,1014.3,65.3,19.5,,35.8,323
04/18/19,04:00PM,04/18/19-04:00PM,8.7,1012.3,65.4,19.0,,36.5,318
04/18/19,05:00PM,04/18/19-05:00PM,10.0,1012.0,65.6,21.4,,37.5,310
04/18/19,06:00PM,04/18/19-06:00PM,9.7,1011.3,68.3,20.5,,34.2,325
04/18/19,07:00PM,04/18/19-07:00PM,8.1,1011.8,69.8,16.2,,35.6,300
04/18/19,08:00PM,04/18/19-08:00PM,7.7,1011.1,76.3,23.2,,34.0,5
04/18/19,09:00PM,04/18/19-09:00PM,9.4,1013.6,73.9,16.4,,34.3,291
04/18/19,10:00PM,04/18/19-10:00PM,9.5,1014.7,72.6,13.8,,32.6,313
04/18/19,11:00PM,04/18/19-11:00PM,9.4,1013.4,70.9,13.6,,28.4,289
04/19/19,12:00AM,04/19/19-12:00AM,8.1,1014.6,71.3,20.8,,27.4,284
04/19/19,01:00AM,04/19/19-01:00AM,8.4,1014.9,78.3,11.0,,28.5,260
04/19/19,02:00AM,04/19/19-02:00AM,7.1,1012.0,77.5,9.7,,27.9,329
04/19/19,03:00AM,04/19/19-03:00AM,8.6,1012.2,78.1,9.5,,26.8,313
04/19/19,04:00AM,04/19/19-04:00AM,10.0,1012.0,78.4,4.3,,24.6,338
04/19/19,05:00AM,04/19/19-05:00AM,7.3,1012.4,82.1,3.5,,26.6,305
04/19/19,06:00AM,04/19/19-06:00AM,6.8,1011.9,79.3,6.1,,30.3,315
04/19/19,07:00AM,04/19/19-07:00AM,9.2,1011.7,77.1,7.7,,29.8,324
04/19/19,08:00AM,04/19/19-08:00AM,9.4,1011.6,69.7,11.0,,27.7,281
04/19/19,09:00AM,04/19/19-09:00AM,8.3,1011.4,68.0,8.3,,29.4,330
04/19/19,10:00AM,04/19/19-10:00AM,8.6,1011.3,74.6,5.5,,33.1,292
04/19/19,11:00AM,04/19/19-11:00AM,9.6,1014.5,69.7,13.2,,35.3,298
04/19/19,12:00PM,04/19/19-12:00PM,8.4,1014.1,77.4,11.9,,35.7,321
04/19/19,01:00PM,04/19/19-01:00PM,9.3,1013.9,66.0,13.4,,35.2,281
04/19/19,02:00PM,04/19/19-02:00PM,9.3,1013.8,70.0,7.5,,35.4,326
04/19/19,03:00PM,04/19/19-03:00PM,7.1,1013.9,74.8,18.5,,36.9,327
04/19/19,04:00PM,04/19/19-04:00PM,8.9,1012.0,66.6,21.0,,36.2,287
04/19/19,05:00PM,04/19/19-05:00PM,10.0,1011.9,69.3,16.7,,35.6,330
04/19/19,06:00PM,04/19/19-06:00PM,8.0,1010.7,66.8,17.0,,36.0,319
04/19/19,07:00PM,04/19/19-07:00PM,8.7,1011.3,71.2,23.9,,35.8,318
04/19/19,08:00PM,04/19/19-08:00PM,8.4,1013.5,70.2,17.8,,31.8,327
04/19/19,09:00PM,04/19/19-09:00PM,10.0,1013.3,72.6,13.2,,34.2,287
04/19/19,10:00PM,04/19/19-10:00PM,9.3,1013.6,69.5,14.3,,30.5,290
04/19/19,11:00PM,04/19/19-11:00PM,8.5,1014.0,77.0,16.4,,29.7,291
04/20/19,12:00AM,04/20/19-12:00AM,8.5,1013.8,74.8,7.6,,28.1,335
04/20/19,01:00AM,04/20/19-01:00AM,9.8,1013.9,74.2,9.1,,26.1,285
04/20/19,02:00AM,04/20/19-02:00AM,10.0,1014.5,73.6,13.6,,27.0,307
04/20/19,03:00AM,04/20/19-03:00AM,7.6,1013.1,79.1,5.7,,29.1,311
04/20/19,04:00AM,04/20/19-04:00AM,10.0,1012.5,76.8,14.1,,27.2,292
04/20/19,05:00AM,04/20/19-05:00AM,9.2,1013.8,75.8,2.0,,27.0,307
04/20/19,06:00AM,04/20/19-06:00AM,10.0,1011.0,78.0,9.7,,28.5,320
04/20/19,07:00AM,04/20/19-07:00AM,10.0,1012.9,75.0,6.5,,30.4,282
04/20/19,08:00AM,04/20/19-08:00AM,10.0,1011.8,69.4,7.5,,30.2,348
04/20/19,09:00AM,04/20/19-09:00AM,8.8,1013.0,68.2,8.4,,33.4,307
04/20/19,10:00AM,04/20/19-10:00AM,9.1,1012.6,71.2,14.3,,33.8,285
04/20/19,11:00AM,04/20/19-11:00AM,9.3,1013.5,69.4,11.1,,34.8,347
04/20/19,12:00PM,04/20/19-12:00PM,9.5,1014.3,66.8,12.4,,35.0,305
04/20/19,01:00PM,04/20/19-01:00PM,9.5,1014.7,73.2,7.9,,36.1,265
04/20/19,02:00PM,04/20/19-02:00PM,9.1,1015.6,71.4,18.4,,36.8,294
04/20/19,03:00PM,04/20/19-03:00PM,9.2,1012.8,71.2,9.3,,37.6,306
04/20/19,04:00PM,04/20/19-04:00PM,9.7,1012.6,70.9,14.8,,37.6,325
04/20/19,05:00PM,04/20/19-05:00PM,9.9,1012.4,70.3,14.6,,37.1,305
04/20/19,06:00PM,04/20/19-06:00PM,8.8,1011.7,71.1,15.9,,35.7,357
04/20/19,07:00PM,04/20/19-07:00PM,8.4,1012.5,73.6,21.2,,35.6,313
04/20/19,08:00PM,04/20/19-08:00PM,8.6,1010.8,66.5,9.5,,32.4,342
04/20/19,09:00PM,04/20/19-09:00PM,10.0,1012.3,68.4,8.3,,31.3,338
04/20/19,10:00PM,04/20/19-10:00PM,8.8,1013.8,69.0,19.3,,31.4,313
04/20/19,11:00PM,04/20/19-11:00PM,9.2,1014.7,68.3,19.5,,29.0,350
04/21/19,12:00AM,04/21/19-12:00AM,9.4,1014.5,72.9,14.0,,29.0,338
04/21/19,01:00AM,04/21/19-01:00AM,9.0,1013.0,81.3,11.0,,28.5,352
04/21/19,02:00AM,04/21/19-02:00AM,9.4,1014.2,67.7,12.6,,28.4,312
04/21/19,03:00AM,04/21/19-03:00AM,9.0,1012.6,72.2,2.1,,26.6,310
04/21/19,04:00AM,04/21/19-04:00AM,8.0,1011.8,77.6,6.4,,27.5,347
04/21/19,05:00AM,04/21/19-05:00AM,9.2,1011.4,73.9,4.2,,28.4,325
04/21/19,06:00AM,04/21/19-06:00AM,10.0,1010.3,74.8,5.8,,29.4,303
04/21/19,07:00AM,04/21/19-07:00AM,8.9,1011.6,73.8,7.0,,28.3,332
04/21/19,08:00AM,04/21/19-08:00AM,9.0,1012.2,74.0,9.8,,32.7,277
04/21/19,09:00AM,04/21/19-09:00AM,8.0,1013.4,70.6,6.1,,29.6,261
04/21/19,10:00AM,04/21/19-10:00AM,8.8,1013.3,68.3,10.8,,33.1,250
04/21/19,11:00AM,04/21/19-11:00AM,8.4,1014.9,67.1,6.7,,34.0,305
04/21/19,12:00PM,04/21/19-12:00PM,10.0,1013.2,62.6,9.0,,34.9,295
04/21/19,01:00PM,04/21/19-01:00PM,9.1,1014.3,62.9,12.9,,35.9,315
04/21/19,02:00PM,04/21/19-02:00PM,9.4,1012.8,77.7,10.5,,36.9,306
04/21/19,03:00PM,04/21/19-03:00PM,8.4,1012.1,67.7,18.7,,37.9,309
04/21/19,04:00PM,04/21/19-04:00PM,10.0,1012.4,76.7,19.8,,38.7,276
04/21/19,05:00PM,04/21/19-05:00PM,8.3,1011.5,65.5,18.5,,33.4,314
04/21/19,06:00PM,04/21/19-06:00PM,9.0,1011.5,69.1,14.5,,36.5,289
04/21/19,07:00PM,04/21/19-07:00PM,9.3,1013.3,77.8,16.7,,33.8,347
04/21/19,08:00PM,04/21/19-08:00PM,8.5,1011.2,71.7,22.1,,33.0,277
04/21/19,09:00PM,04/21/19-09:00PM,8.3,1014.2,75.3,12.4,,33.8,307
04/21/19,10:00PM,04/21/19-10:00PM,8.6,1014.1,70.1,11.8,,30.4,339
04/21/19,11:00PM,04/21/19-11:00PM,9.1,1014.5,79.4,12.0,,30.0,281
04/22/19,12:00AM,04/22/19-12:00AM,8.8,1014.4,73.8,15.5,,29.4,293
04/22/19,01:00AM,04/22/19-01:00AM,9.1,1014.1,76.9,7.2,,28.0,303
04/22/19,02:00AM,04/22/19-02:00AM,8.7,1014.3,76.1,12.4,,28.5,327
04/22/19,03:00AM,04/22/19-03:00AM,8.8,1014.1,73.3,7.6,,27.5,267
04/22/19,04:00AM,04/22/19-04:00AM,8.3,1011.7,78.0,6.3,,27.0,279
04/22/19,05:00AM,04/22/19-05:00AM,8.6,1009.9,81.1,3.8,,29.3,341
04/22/19,06:00AM,04/22/19-06:00AM,9.2,1012.1,74.9,6.0,,28.9,310
04/22/19,07:00AM,04/22/19-07:00AM,7.0,1011.8,71.5,10.5,,29.3,309
04/22/19,08:00AM,04/22/19-08:00AM,8.7,1011.5,69.4,6.6,,30.2,12
04/22/19,09:00AM,04/22/19-09:00AM,8.5,1013.1,77.5,12.3,,30.7,307
04/22/19,10:00AM,04/22/19-10:00AM,8.2,1013.1,77.4,8.5,,34.5,335
04/22/19,11:00AM,04/22/19-11:00AM,10.0,1013.8,70.7,8.1,,36.2,1
04/22/19,12:00PM,04/22/19-12:00PM,8.8,1015.2,66.1,7.7,,37.3,308
04/22/19,01:00PM,04/22/19-01:00PM,9.7,1013.8,69.2,17.9,,36.2,269
04/22/19,02:00PM,04/22/19-02:00PM,10.0,1014.1,60.9,19.8,,38.3,294
04/22/19,03:00PM,04/22/19-03:00PM,9.3,1011.9,71.0,19.5,,35.5,328
04/22/19,04:00PM,04/22/19-04:00PM,9.1,1013.1,72.0,19.3,,36.2,296
04/22/19,05:00PM,04/22/19-05:00PM,9.4,1011.4,62.5,19.7,,35.8,333
04/22/19,06:00PM,04/22/19-06:00PM,9.1,1011.0,65.7,15.8,,34.0,356
04/22/19,07:00PM,04/22/19-07:00PM,10.0,1011.4,68.2,18.8,,36.3,327
04/22/19,08:00PM,04/22/19-08:00PM,8.7,1011.2,71.3,16.3,,33.4,307
04/22/19,09:00PM,04/22/19-09:00PM,8.6,1012.0,70.1,18.5,,33.8,289
04/22/19,10:00PM,04/22/19-10:00PM,8.4,1014.3,75.2,15.7,,32.5,295
04/22/19,11:00PM,04/22/19-11:00PM,10.0,1015.1,69.7,12.7,,31.9,322
04/23/19,12:00AM,04/23/19-12:00AM,10.0,1014.8,77.4,10.1,,30.2,261
04/23/19,01:00AM,04/23/19-01:00AM,8.8,1014.0,72.7,10.9,,28.3,321
04/23/19,02:00AM,04/23/19-02:00AM,9.5,1012.9,71.1,13.6,,25.1,342
04/23/19,03:00AM,04/23/19-03:00AM,10.0,1012.1,73.6,3.3,,26.6,321
04/23/19,04:00AM,04/23/19-04:00AM,9.8,1012.3,78.0,4.8,,27.5,279
04/23/19,05:00AM,04/23/19-05:00AM,8.1,1011.3,72.3,6.2,,29.3,301
04/23/19,06:00AM,04/23/19-06:00AM,9.8,1011.7,81.8,4.6,,27.9,314
04/23/19,07:00AM,04/23/19-07:00AM,7.8,1010.9,73.2,4.9,,29.4,326
04/23/19,08:00AM,04/23/19-08:00AM,9.6,1011.1,70.9,2.4,,32.0,311
04/23/19,09:00AM,04/23/19-09:00AM,8.9,1013.1,72.3,13.0,,30.5,346
04/23/19,10:00AM,04/23/19-10:00AM,8.2,1013.7,68.3,7.8,,33.0,303
04/23/19,11:00AM,04/23/19-11:00AM,9.1,1015.4,71.8,7.8,,35.1,273
04/23/19,12:00PM,04/23/19-12:00PM,8.0,1015.9,71.6,9.5,,36.8,288
04/23/19,01:00PM,04/23/19-01:00PM,8.4,1014.5,69.2,10.5,,36.5,323
04/23/19,02:00PM,04/23/19-02:00PM,10.0,1013.3,65.2,12.2,,38.6,342
04/23/19,03:00PM,04/23/19-03:00PM,7.7,1011.6,64.2,13.0,,35.7,325
04/23/19,04:00PM,04/23/19-04:00PM,8.4,1013.2,62.5,19.9,,34.5,281
04/23/19,05:00PM,04/23/19-05:00PM,8.4,1011.6,63.8,19.6,,37.1,324
04/23/19,06:00PM,04/23/19-06:00PM,8.7,1011.3,71.7,20.0,,36.2,339
04/23/19,07:00PM,04/23/19-07:00PM,10.0,1013.2,69.8,15.5,,32.3,343
04/23/19,08:00PM,04/23/19-08:00PM,8.1,1012.1,67.4,16.3,,32.4,299
04/23/19,09:00PM,04/23/19-09:00PM,9.2,1013.2,73.0,17.0,,31.2,261
04/23/19,10:00PM,04/23/19-10:00PM,9.0,1013.7,80.6,19.3,,29.4,303
04/23/19,11:00PM,04/23/19-11:00PM,10.0,1014.7,77.4,9.0,,31.1,318
04/24/19,12:00AM,04/24/19-12:00AM,9.6,1014.6,75.0,12.5,,26.0,315
04/24/19,01:00AM,04/24/19-01:00AM,9.6,1013.9,71.2,12.0,,28.6,327
04/24/19,02:00AM,04/24/19-02:00AM,10.0,1013.7,75.2,11.6,,28.9,333
04/24/19,03:00AM,04/24/19-03:00AM,8.8,1014.0,85.0,5.9,,26.8,295
04/24/19,04:00AM,04/24/19-04:00AM,8.4,1011.5,83.5,9.7,,28.1,303
04/24/19,05:00AM,04/24/19-05:00AM,9.0,1011.8,80.2,9.6,,26.3,325
04/24/19,06:00AM,04/24/19-06:00AM,9.9,1012.5,76.0,10.5,,29.3,303
04/24/19,07:00AM,04/24/19-07:00AM,9.1,1012.5,72.6,2.3,,28.3,264
04/24/19,08:00AM,04/24/19-08:00AM,9.9,1012.7,74.7,7.1,,32.6,311
04/24/19,09:00AM,04/24/19-09:00AM,10.0,1011.4,68.0,13.5,,33.1,349
04/24/19,10:00AM,04/24/19-10:00AM,9.1,1013.4,73.9,9.2,,33.1,310
04/24/19,11:00AM,04/24/19-11:00AM,9.8,1014.1,67.6,8.2,,32.8,340
04/24/19,12:00PM,04/24/19-12:00PM,9.4,1013.7,72.2,12.3,,36.7,314
04/24/19,01:00PM,04/24/19-01:00PM,9.4,1013.8,64.4,12.6,,35.7,345
04/24/19,02:00PM,04/24/19-02:00PM,9.4,1013.0,65.2,19.9,,37.2,307
04/24/19,03:00PM,04/24/19-03:00PM,9.4,1012.9,68.1,20.8,,36.7,299
04/24/19,04:00PM,04/24/19-04:00PM,8.3,1012.4,71.1,23.6,,37.3,336
04/24/19,05:00PM,04/24/19-05:00PM,9.7,1011.7,67.4,15.5,,35.8,309
04/24/19,06:00PM,04/24/19-06:00PM,9.0,1011.6,60.9,19.9,,33.1,331
04/24/19,07:00PM,04/24/19-07:00PM,10.0,1011.6,62.6,19.7,,34.5,285
04/24/19,08:00PM,04/24/19-08:00PM,8.0,1012.3,59.2,12.3,,34.8,316
04/24/19,09:00PM,04/24/19-09:00PM,8.8,1012.5,75.3,19.1,,32.5,284
04/24/19,10:00PM,04/24/19-10:00PM,9.9,1013.9,79.4,14.1,,29.9,289
04/24/19,11:00PM,04/24/19-11:00PM,9.7,1012.7,77.7,14.0,,28.3,284
04/25/19,12:00AM,04/25/19-12:00AM,7.5,1014.6,77.4,7.6,,28.0,330
04/25/19,01:00AM,04/25/19-01:00AM,8.6,1015.7,80.2,13.2,,28.5,323
04/25/19,02:00AM,04/25/19-02:00AM,9.5,1011.7,80.8,7.4,,25.3,338
04/25/19,03:00AM,04/25/19-03:00AM,8.0,1013.4,77.4,9.3,,29.0,300
04/25/19,04:00AM,04/25/19-04:00AM,7.6,1012.4,80.0,3.6,,26.4,279
04/25/19,05:00AM,04/25/19-05:00AM,8.4,1012.8,77.7,2.0,,27.3,302
04/25/19,06:00AM,04/25/19-06:00AM,10.0,1012.0,78.6,2.0,,30.5,304
04/25/19,07:00AM,04/25/19-07:00AM,8.3,1012.1,68.1,6.2,,29.0,294
04/25/19,08:00AM,04/25/19-08:00AM,10.0,1013.1,73.4,5.0,,30.3,318
04/25/19,09:00AM,04/25/19-09:00AM,9.2,1013.4,74.1,6.1,,30.5,345
04/25/19,10:00AM,04/25/19-10:00AM,8.7,1013.6,63.6,9.5,,31.9,337
04/25/19,11:00AM,04/25/19-11:00AM,8.6,1014.2,65.4,8.5,,36.8,291
04/25/19,12:00PM,04/25/19-12:00PM,8.7,1013.2,68.7,8.8,,36.2,297
04/25/19,01:00PM,04/25/19-01:00PM,10.0,1013.3,68.4,15.4,,37.1,6
04/25/19,02:00PM,04/25/19-02:00PM,9.8,1014.7,64.0,14.2,,36.8,305
04/25/19,03:00PM,04/25/19-03:00PM,9.2,1014.1,66.3,15.1,,33.3,312
04/25/19,04:00PM,04/25/19-04:00PM,10.0,1012.6,69.1,15.5,,39.6,313
04/25/19,05:00PM,04/25/19-05:00PM,8.6,1011.6,70.4,18.8,,34.3,336
04/25/19,06:00PM,04/25/19-06:00PM,7.5,1011.5,73.8,23.4,,35.3,307
04/25/19,07:00PM,04/25/19-07:00PM,9.2,1011.0,64.9,19.4,,33.7,297
04/25/19,08:00PM,04/25/19-08:00PM,9.7,1011.1,75.3,17.6,,34.1,310
04/25/19,09:00PM,04/25/19-09:00PM,7.3,1012.2,70.0,20.1,,31.0,309
04/25/19,10:00PM,04/25/19-10:00PM,10.0,1014.0,65.7,13.7,,30.0,287
04/25/19,11:00PM,04/25/19-11:00PM,9.7,1014.9,76.8,7.2,,29.4,354
04/26/19,12:00AM,04/26/19-12:00AM,10.0,1013.3,75.5,12.2,,29.5,283
04/26/19,01:00AM,04/26/19-01:00AM,8.6,1014.0,78.3,13.3,,27.3,315
04/26/19,02:00AM,04/26/19-02:00AM,10.0,1012.8,71.6,10.3,,26.6,354
04/26/19,03:00AM,04/26/19-03:00AM,8.9,1012.9,73.1,8.8,,24.9,288
04/26/19,04:00AM,04/26/19-04:00AM,10.0,1012.1,74.1,8.9,,25.1,310
04/26/19,05:00AM,04/26/19-05:00AM,8.7,1012.0,78.3,7.7,,25.9,340
04/26/19,06:00AM,04/26/19-06:00AM,8.9,1009.7,69.3,7.1,,27.9,318
04/26/19,07:00AM,04/26/19-07:00AM,7.3,1013.3,76.1,8.3,,30.2,267
04/26/19,08:00AM,04/26/19-08:00AM,9.0,1013.4,71.8,4.6,,29.6,326
04/26/19,09:00AM,04/26/19-09:00AM,9.0,1013.4,72.6,7.0,,33.2,6
04/26/19,10:00AM,04/26/19-10:00AM,9.2,1014.2,72.9,7.9,,34.8,314
04/26/19,11:00AM,04/26/19-11:00AM,9.2,1012.8,66.7,13.5,,34.3,335
04/26/19,12:00PM,04/26/19-12:00PM,7.9,1014.5,71.8,13.8,,36.9,260
04/26/19,01:00PM,04/26/19-01:00PM,8.8,1015.0,73.7,18.4,,35.7,344
04/26/19,02:00PM,04/26/19-02:00PM,9.4,1012.8,69.3,15.7,,34.1,256
04/26/19,03:00PM,04/26/19-03:00PM,9.8,1014.2,71.1,14.8,,38.7,300
04/26/19,04:00PM,04/26/19-04:00PM,7.5,1011.4,66.3,20.3,,35.8,291
04/26/19,05:00PM,04/26/19-05:00PM,9.0,1011.5,62.2,16.7,,38.2,301
04/26/19,06:00PM,04/26/19-06:00PM,8.1,1012.3,72.1,10.5,,34.5,294
04/26/19,07:00PM,04/26/19-07:00PM,9.5,1011.2,66.6,16.1,,31.8,314
04/26/19,08:00PM,04/26/19-08:00PM,9.5,1013.8,69.9,16.9,,33.5,321
04/26/19,09:00PM,04/26/19-09:00PM,8.4,1012.8,76.5,18.0,,29.7,346
04/26/19,10:00PM,04/26/19-10:00PM,8.6,1011.7,73.3,15.3,,31.6,321
04/26/19,11:00PM,04/26/19-11:00PM,8.2,1015.7,78.1,14.5,,27.9,293
04/27/19,12:00AM,04/27/19-12:00AM,9.5,1014.2,81.1,17.4,,28.1,324
04/27/19,01:00AM,04/27/19-01:00AM,9.7,1014.7,77.6,7.6,,29.4,303
04/27/19,02:00AM,04/27/19-02:00AM,9.1,1013.9,76.3,7.0,,26.3,271
04/27/19,03:00AM,04/27/19-03:00AM,8.8,1012.6,83.6,7.5,,28.0,313
04/27/19,04:00AM,04/27/19-04:00AM,10.0,1012.2,69.9,7.8,,28.3,352
04/27/19,05:00AM,04/27/19-05:00AM,9.6,1011.4,76.8,5.4,,26.8,325
04/27/19,06:00AM,04/27/19-06:00AM,9.5,1012.7,73.0,8.4,,28.6,320
04/27/19,07:00AM,04/27/19-07:00AM,9.0,1011.8,80.1,5.6,,30.8,280
04/27/19,08:00AM,04/27/19-08:00AM,9.6,1012.4,71.9,5.4,,30.6,319
04/27/19,09:00AM,04/27/19-09:00AM,7.9,1013.4,73.0,11.5,,33.3,284
04/27/19,10:00AM,04/27/19-10:00AM,9.1,1014.5,76.5,3.1,,34.9,296
04/27/19,11:00AM,04/27/19-11:00AM,8.6,1013.8,70.5,17.2,,35.7,305
04/27/19,12:00PM,04/27/19-12:00PM,9.8,1014.4,69.0,13.2,,36.6,313
04/27/19,01:00PM,04/27/19-01:00PM,8.3,1014.8,66.4,12.9,,37.7,302
04/27/19,02:00PM,04/27/19-02:00PM,9.4,1013.5,64.1,10.0,,36.0,319
04/27/19,03:00PM,04/27/19-03:00PM,7.7,1012.6,62.3,19.8,,37.1,30
04/27/19,04:00PM,04/27/19-04:00PM,8.5,1012.9,69.7,14.9,,35.7,297
04/27/19,05:00PM,04/27/19-05:00PM,9.2,1011.6,62.1,17.2,,35.9,272
04/27/19,06:00PM,04/27/19-06:00PM,8.0,1012.2,64.5,21.4,,35.0,294
04/27/19,07:00PM,04/27/19-07:00PM,9.9,1011.6,69.9,24.2,,35.4,267
04/27/19,08:00PM,04/27/19-08:00PM,9.4,1011.3,70.2,15.6,,32.9,331
04/27/19,09:00PM,04/27/19-09:00PM,9.3,1013.0,74.2,17.7,,33.1,302
04/27/19,10:00PM,04/27/19-10:00PM,8.7,1014.6,70.3,20.9,,27.4,320
04/27/19,11:00PM,04/27/19-11:00PM,9.2,1014.6,81.9,13.5,,31.5,309
04/28/19,12:00AM,04/28/19-12:00AM,7.2,1015.1,74.8,11.6,,27.7,312
04/28/19,01:00AM,04/28/19-01:00AM,9.8,1014.9,76.1,17.3,,25.2,294
04/28/19,02:00AM,04/28/19-02:00AM,8.9,1013.8,79.9,10.4,,27.9,298
04/28/19,03:00AM,04/28/19-03:00AM,9.3,1012.7,75.1,7.6,,28.0,288
04/28/19,04:00AM,04/28/19-04:00AM,10.0,1012.0,76.1,8.3,,27.9,305
04/28/19,05:00AM,04/28/19-05:00AM,8.5,1011.9,76.4,10.9,,30.0,270
04/28/19,06:00AM,04/28/19-06:00AM,9.5,1012.7,72.2,5.1,,28.3,318
04/28/19,07:00AM,04/28/19-07:00AM,10.0,1012.2,72.0,3.2,,29.4,310
04/28/19,08:00AM,04/28/19-08:00AM,8.2,1011.5,73.1,5.4,,30.8,325
04/28/19,09:00AM,04/28/19-09:00AM,8.9,1012.7,71.1,9.8,,30.7,337
04/28/19,10:00AM,04/28/19-10:00AM,7.8,1011.8,69.8,10.6,,32.1,317
04/28/19,11:00AM,04/28/19-11:00AM,10.0,1014.2,63.4,15.1,,36.0,311
04/28/19,12:00PM,04/28/19-12:00PM,9.2,1014.3,69.4,17.1,,36.0,359
04/28/19,01:00PM,04/28/19-01:00PM,8.9,1014.5,60.9,11.6,,35.6,311
04/28/19,02:00PM,04/28/19-02:00PM,9.8,1013.3,69.0,15.5,,37.0,308
04/28/19,03:00PM,04/28/19-03:00PM,9.1,1012.3,68.0,12.3,,38.2,346
04/28/19,04:00PM,04/28/19-04:00PM,8.9,1012.2,67.6,13.8,,36.2,304
04/28/19,05:00PM,04/28/19-05:00PM,8.9,1012.2,68.8,14.2,,36.2,325
04/28/19,06:00PM,04/28/19-06:00PM,9.2,1012.3,70.8,18.2,,36.6,307
04/28/19,07:00PM,04/28/19-07:00PM,9.1,1011.0,67.0,18.4,,35.8,302
04/28/19,08:00PM,04/28/19-08:00PM,9.5,1012.4,68.9,15.4,,30.4,302
04/28/19,09:00PM,04/28/19-09:00PM,7.9,1013.6,76.9,13.8,,30.7,349
04/28/19,10:00PM,04/28/19-10:00PM,9.5,1013.7,69.5,13.0,,32.1,359
04/28/19,11:00PM,04/28/19-11:00PM,8.1,1014.0,72.1,11.8,,28.3,277
04/29/19,12:00AM,04/29/19-12:00AM,10.0,1014.7,75.3,12.2,,28.5,274
04/29/19,01:00AM,04/29/19-01:00AM,8.8,1014.7,75.0,7.3,,29.7,350
04/29/19,02:00AM,04/29/19-02:00AM,8.2,1013.5,76.4,8.5,,27.8,284
04/29/19,03:00AM,04/29/19-03:00AM,9.7,1013.4,76.6,6.8,,27.3,339
04/29/19,04:00AM,04/29/19-04:00AM,10.0,1011.7,74.0,7.8,,27.5,288
04/29/19,05:00AM,04/29/19-05:00AM,9.6,1011.1,76.1,3.3,,27.7,275
04/29/19,06:00AM,04/29/19-06:00AM,9.7,1012.6,82.1,5.0,,28.8,310
04/29/19,07:00AM,04/29/19-07:00AM,9.0,1011.7,75.3,7.1,,30.9,318
04/29/19,08:00AM,04/29/19-08:00AM,8.6,1012.0,73.5,10.8,,29.1,317
04/29/19,09:00AM,04/29/19-09:00AM,8.4,1015.1,71.9,2.6,,31.8,328
04/29/19,10:00AM,04/29/19-10:00AM,9.3,1013.7,68.4,10.0,,33.6,331
04/29/19,11:00AM,04/29/19-11:00AM,9.2,1013.6,73.9,9.5,,35.1,315
04/29/19,12:00PM,04/29/19-12:00PM,9.6,1014.6,69.9,11.7,,35.8,300
04/29/19,01:00PM,04/29/19-01:00PM,9.4,1013.4,63.5,11.9,,35.8,327
04/29/19,02:00PM,04/29/19-02:00PM,8.1,1013.3,68.5,15.2,,38.7,311
04/29/19,03:00PM,04/29/19-03:00PM,8.8,1012.2,69.8,21.6,,38.0,313
04/29/19,04:00PM,04/29/19-04:00PM,9.7,1012.2,66.4,17.3,,37.1,286
04/29/19,05:00PM,04/29/19-05:00PM,9.5,1010.9,68.7,16.7,,36.8,278
04/29/19,06:00PM,04/29/19-06:00PM,9.0,1012.0,64.8,18.7,,37.9,334
04/29/19,07:00PM,04/29/19-07:00PM,9.1,1012.8,69.8,15.8,,34.8,269
04/29/19,08:00PM,04/29/19-08:00PM,9.0,1012.2,72.0,14.8,,33.8,326
04/29/19,09:00PM,04/29/19-09:00PM,9.4,1012.7,76.1,21.3,,30.9,317
04/29/19,10:00PM,04/29/19-10:00PM,10.0,1014.3,73.7,14.9,,31.6,293
04/29/19,11:00PM,04/29/19-11:00PM,10.0,1012.9,71.4,12.3,,29.5,301
04/30/19,12:00AM,04/30/19-12:00AM,9.9,1014.9,72.1,12.5,,27.0,259
04/30/19,01:00AM,04/30/19-01:00AM,8.4,1013.7,81.8,14.6,,30.5,315
04/30/19,02:00AM,04/30/19-02:00AM,9.7,1014.3,76.0,11.5,,27.0,299
04/30/19,03:00AM,04/30/19-03:00AM,9.2,1012.2,75.2,8.3,,28.0,354
04/30/19,04:00AM,04/30/19-04:00AM,8.0,1011.9,81.2,6.9,,26.1,296
04/30/19,05:00AM,04/30/19-05:00AM,9.4,1012.5,80.7,3.7,,29.8,276
04/30/19,06:00AM,04/30/19-06:00AM,9.1,1010.7,78.9,7.6,,29.3,281
04/30/19,07:00AM,04/30/19-07:00AM,8.0,1011.6,74.0,4.8,,28.0,272
04/30/19,08:00AM,04/30/19-08:00AM,7.8,1012.5,71.5,4.6,,29.9,289
04/30/19,09:00AM,04/30/19-09:00AM,7.2,1011.4,72.7,10.8,,30.1,313
04/30/19,10:00AM,04/30/19-10:00AM,8.5,1014.0,63.7,12.7,,32.7,281
04/30/19,11:00AM,04/30/19-11:00AM,9.1,1014.3,68.5,13.6,,37.2,281
04/30/19,12:00PM,04/30/19-12:00PM,9.1,1015.1,75.1,7.7,,32.6,314
04/30/19,01:00PM,04/30/19-01:00PM,8.4,1014.9,67.5,10.4,,33.7,309
04/30/19,02:00PM,04/30/19-02:00PM,8.5,1013.8,70.0,14.1,,35.7,306
04/30/19,03:00PM,04/30/19-03:00PM,10.0,1014.1,70.6,16.4,,36.5,317
04/30/19,04:00PM,04/30/19-04:00PM,10.0,1012.5,60.3,17.4,,36.9,298
04/30/19,05:00PM,04/30/19-05:00PM,9.4,1012.0,74.1,19.8,,34.8,301
04/30/19,06:00PM,04/30/19-06:00PM,6.2,1011.3,63.7,15.2,,36.3,264
04/30/19,07:00PM,04/30/19-07:00PM,8.8,1011.4,65.7,19.4,,34.4,311
04/30/19,08:00PM,04/30/19-08:00PM,8.3,1013.1,67.9,18.6,,31.6,322
04/30/19,09:00PM,04/30/19-09:00PM,8.5,1012.7,75.6,19.2,,32.5,355
04/30/19,10:00PM,04/30/19-10:00PM,10.0,1013.1,77.5,12.4,,30.9,252
04/30/19,11:00PM,04/30/19-11:00PM,9.3,1014.7,67.1,16.7,,29.4,359
05/01/19,12:00AM,05/01/19-12:00AM,7.8,1016.2,79.5,19.8,,26.6,280
05/01/19,01:00AM,05/01/19-01:00AM,8.8,1013.2,77.4,10.0,,27.8,278
05/01/19,02:00AM,05/01/19-02:00AM,9.7,1014.4,75.3,8.7,,26.0,326
05/01/19,03:00AM,05/01/19-03:00AM,9.6,1012.6,78.4,4.5,,25.4,319
05/01/19,04:00AM,05/01/19-04:00AM,9.3,1011.9,72.1,4.4,,27.0,255
05/01/19,05:00AM,05/01/19-05:00AM,9.2,1011.5,79.0,13.3,,27.2,337
05/01/19,06:00AM,05/01/19-06:00AM,8.5,1012.0,81.5,2.0,,29.6,317
05/01/19,07:00AM,05/01/19-07:00AM,9.7,1011.5,67.9,8.9,,29.3,245
05/01/19,08:00AM,05/01/19-08:00AM,9.1,1012.0,72.9,11.1,,34.3,325
05/01/19,09:00AM,05/01/19-09:00AM,10.0,1013.2,69.8,5.3,,35.2,280
05/01/19,10:00AM,05/01/19-10:00AM,9.5,1013.6,69.5,7.5,,32.2,344
05/01/19,11:00AM,05/01/19-11:00AM,8.8,1014.4,70.8,9.4,,33.1,345
05/01/19,12:00PM,05/01/19-12:00PM,8.6,1015.2,71.8,13.0,,36.3,318
05/01/19,01:00PM,05/01/19-01:00PM,9.7,1013.6,72.2,20.9,,35.9,287
05/01/19,02:00PM,05/01/19-02:00PM,8.8,1013.5,73.2,13.4,,37.6,294
05/01/19,03:00PM,05/01/19-03:00PM,9.1,1012.4,64.8,16.2,,35.2,289
05/01/19,04:00PM,05/01/19-04:00PM,8.3,1012.0,69.3,21.0,,37.7,311
05/01/19,05:00PM,05/01/19-05:00PM,9.8,1011.7,70.7,23.2,,37.0,330
05/01/19,06:00PM,05/01/19-06:00PM,7.7,1011.5,67.1,18.0,,35.3,299
05/01/19,07:00PM,05/01/19-07:00PM,8.6,1010.9,74.2,19.9,,35.2,286
05/01/19,08:00PM,05/01/19-08:00PM,7.3,1012.8,74.4,10.9,,32.1,288
05/01/19,09:00PM,05/01/19-09:00PM,10.0,1012.5,71.3,19.6,,31.6,295
05/01/19,10:00PM,05/01/19-10:00PM,7.4,1013.9,67.2,17.5,,29.8,289
05/01/19,11:00PM,05/01/19-11:00PM,9.4,1015.4,82.4,14.7,,30.5,316
05/02/19,12:00AM,05/02/19-12:00AM,8.9,1015.4,69.6,16.0,,27.0,310
05/02/19,01:00AM,05/02/19-01:00AM,9.6,1014.8,81.6,11.1,,25.9,286
05/02/19,02:00AM,05/02/19-02:00AM,8.7,1014.1,72.8,11.5,,26.5,298
05/02/19,03:00AM,05/02/19-03:00AM,9.6,1014.4,77.0,5.5,,29.1,353
05/02/19,04:00AM,05/02/19-04:00AM,8.5,1011.6,77.5,9.1,,26.5,286
05/02/19,05:00AM,05/02/19-05:00AM,8.4,1011.5,72.6,7.5,,27.3,329
05/02/19,06:00AM,05/02/19-06:00AM,7.5,1011.8,71.1,8.4,,27.3,305
05/02/19,07:00AM,05/02/19-07:00AM,8.9,1012.2,75.3,2.0,,30.5,281
05/02/19,08:00AM,05/02/19-08:00AM,9.3,1011.8,73.5,2.5,,30.0,303
05/02/19,09:00AM,05/02/19-09:00AM,8.1,1012.4,70.1,6.6,,30.9,313
05/02/19,10:00AM,05/02/19-10:00AM,8.6,1013.8,70.5,6.2,,33.8,273
05/02/19,11:00AM,05/02/19-11:00AM,9.0,1013.7,65.8,11.2,,34.1,301
05/02/19,12:00PM,05/02/19-12:00PM,9.9,1014.2,66.9,16.5,,34.5,257
05/02/19,01:00PM,05/02/19-01:00PM,8.3,1014.0,64.2,18.8,,36.6,314
05/02/19,02:00PM,05/02/19-02:00PM,8.6,1014.2,68.9,18.4,,37.5,290
05/02/19,03:00PM,05/02/19-03:00PM,8.3,1014.3,63.9,21.6,,38.0,281
05/02/19,04:00PM,05/02/19-04:00PM,7.6,1012.8,67.4,11.3,,36.9,281
05/02/19,05:00PM,05/02/19-05:00PM,10.0,1012.1,73.6,14.5,,37.4,321
05/02/19,06:00PM,05/02/19-06:00PM,9.7,1012.1,72.7,18.1,,34.8,298
05/02/19,07:00PM,05/02/19-07:00PM,8.6,1012.4,70.9,23.5,,35.0,330
05/02/19,08:00PM,05/02/19-08:00PM,8.6,1011.5,74.8,17.7,,31.8,268
05/02/19,09:00PM,05/02/19-09:00PM,8.1,1013.1,67.0,14.7,,30.0,322
05/02/19,10:00PM,05/02/19-10:00PM,8.1,1012.8,67.9,14.2,,30.2,275
05/02/19,11:00PM,05/02/19-11:00PM,8.8,1015.5,69.5,13.5,,30.1,308
05/03/19,12:00AM,05/03/19-12:00AM,8.4,1015.3,75.4,9.6,,28.5,319
05/03/19,01:00AM,05/03/19-01:00AM,7.6,1014.0,73.2,10.9,,26.9,342
05/03/19,02:00AM,05/03/19-02:00AM,9.1,1013.4,69.6,5.2,,24.9,302
05/03/19,03:00AM,05/03/19-03:00AM,8.5,1013.9,79.2,8.9,,26.2,343
05/03/19,04:00AM,05/03/19-04:00AM,8.8,1012.8,78.5,7.5,,28.6,288
05/03/19,05:00AM,05/03/19-05:00AM,8.9,1011.7,75.2,5.6,,28.7,338
05/03/19,06:00AM,05/03/19-06:00AM,8.9,1011.3,80.8,4.1,,28.4,336
05/03/19,07:00AM,05/03/19-07:00AM,8.5,1011.2,76.0,5.7,,29.7,320
05/03/19,08:00AM,05/03/19-08:00AM,8.9,1012.1,72.1,10.9,,29.9,296
05/03/19,09:00AM,05/03/19-09:00AM,8.4,1013.5,66.6,5.4,,32.6,297
05/03/19,10:00AM,05/03/19-10:00AM,7.7,1013.9,71.7,11.2,,33.7,301
05/03/19,11:00AM,05/03/19-11:00AM,8.6,1013.8,70.3,11.1,,32.7,300
05/03/19,12:00PM,05/03/19-12:00PM,7.9,1014.6,63.6,8.8,,34.6,311
05/03/19,01:00PM,05/03/19-01:00PM,9.1,1015.1,70.7,11.6,,38.5,291
05/03/19,02:00PM,05/03/19-02:00PM,8.7,1013.4,65.9,17.0,,37.2,290
05/03/19,03:00PM,05/03/19-03:00PM,7.5,1014.4,66.8,16.9,,38.3,287
05/03/19,04:00PM,05/03/19-04:00PM,7.7,1012.3,66.6,14.0,,37.2,300
05/03/19,05:00PM,05/03/19-05:00PM,9.5,1010.8,67.0,17.7,,35.1,326
05/03/19,06:00PM,05/03/19-06:00PM,8.8,1012.5,70.2,18.7,,36.3,328
05/03/19,07:00PM,05/03/19-07:00PM,8.3,1011.5,70.4,13.8,,35.2,277
05/03/19,08:00PM,05/03/19-08:00PM,8.4,1013.0,74.7,16.8,,34.5,317
05/03/19,09:00PM,05/03/19-09:00PM,7.9,1013.1,69.0,18.0,,33.0,317
05/03/19,10:00PM,05/03/19-10:00PM,8.4,1013.7,73.7,13.2,,29.5,281
05/03/19,11:00PM,05/03/19-11:00PM,8.8,1013.7,74.1,10.4,,30.2,318
05/04/19,12:00AM,05/04/19-12:00AM,9.6,1015.2,71.0,8.9,,30.3,307
05/04/19,01:00AM,05/04/19-01:00AM,8.8,1016.9,75.0,10.5,,25.9,297
05/04/19,02:00AM,05/04/19-02:00AM,9.3,1013.8,72.6,3.5,,27.3,302
05/04/19,03:00AM,05/04/19-03:00AM,6.7,1012.8,73.8,9.3,,27.0,337
05/04/19,04:00AM,05/04/19-04:00AM,9.4,1012.5,77.6,4.7,,25.9,305
05/04/19,05:00AM,05/04/19-05:00AM,8.9,1012.1,76.0,4.2,,27.1,285
05/04/19,06:00AM,05/04/19-06:00AM,9.1,1011.6,80.2,12.1,,29.0,313
05/04/19,07:00AM,05/04/19-07:00AM,8.6,1011.6,72.4,7.2,,31.8,285
05/04/19,08:00AM,05/04/19-08:00AM,9.0,1012.0,74.1,11.2,,30.6,300
05/04/19,09:00AM,05/04/19-09:00AM,8.7,1014.6,71.3,8.7,,32.1,331
05/04/19,10:00AM,05/04/19-10:00AM,8.5,1012.8,68.9,11.3,,32.7,281
05/04/19,11:00AM,05/04/19-11:00AM,10.0,1014.8,66.5,11.6,,32.0,6
05/04/19,12:00PM,05/04/19-12:00PM,9.6,1014.3,73.4,14.5,,35.3,326
05/04/19,01:00PM,05/04/19-01:00PM,8.4,1013.6,63.4,17.6,,35.3,294
05/04/19,02:00PM,05/04/19-02:00PM,7.0,1014.4,75.5,9.2,,38.0,312
05/04/19,03:00PM,05/04/19-03:00PM,8.4,1014.1,68.2,15.1,,35.0,289
05/04/19,04:00PM,05/04/19-04:00PM,9.8,1012.8,60.3,21.1,,35.5,291
05/04/19,05:00PM,05/04/19-05:00PM,9.6,1012.9,69.2,18.4,,37.0,271
05/04/19,06:00PM,05/04/19-06:00PM,9.6,1012.5,72.2,15.3,,35.3,306
05/04/19,07:00PM,05/04/19-07:00PM,7.4,1012.0,69.5,20.2,,34.8,275
05/04/19,08:00PM,05/04/19-08:00PM,9.6,1013.3,83.0,19.2,,34.0,336
05/04/19,09:00PM,05/04/19-09:00PM,8.9,1012.7,72.3,17.1,,31.2,307
05/04/19,10:00PM,05/04/19-10:00PM,9.2,1015.4,70.5,18.3,,31.1,296
05/04/19,11:00PM,05/04/19-11:00PM,9.8,1013.9,68.4,12.8,,29.2,290
05/05/19,12:00AM,05/05/19-12:00AM,7.7,1013.0,72.5,10.4,,27.7,308
05/05/19,01:00AM,05/05/19-01:00AM,7.2,1014.4,77.9,13.6,,27.4,318
05/05/19,02:00AM,05/05/19-02:00AM,10.0,1014.3,74.6,11.5,,28.6,312
05/05/19,03:00AM,05/05/19-03:00AM,9.3,1012.4,72.3,6.5,,25.4,277
05/05/19,04:00AM,05/05/19-04:00AM,8.4,1011.8,74.6,7.5,,31.2,304
05/05/19,05:00AM,05/05/19-05:00AM,9.1,1010.9,74.3,9.1,,29.4,332
05/05/19,06:00AM,05/05/19-06:00AM,9.7,1010.5,73.0,5.1,,27.8,340
05/05/19,07:00AM,05/05/19-07:00AM,9.0,1012.1,82.9,2.8,,29.3,290
05/05/19,08:00AM,05/05/19-08:00AM,8.6,1012.6,73.9,2.0,,30.3,318
05/05/19,09:00AM,05/05/19-09:00AM,8.4,1013.3,79.6,6.6,,32.2,289
05/05/19,10:00AM,05/05/19-10:00AM,9.0,1013.8,65.0,12.4,,33.5,357
05/05/19,11:00AM,05/05/19-11:00AM,8.9,1013.2,69.5,9.9,,36.1,320
05/05/19,12:00PM,05/05/19-12:00PM,8.7,1014.6,70.8,12.7,,37.4,313
05/05/19,01:00PM,05/05/19-01:00PM,8.4,1013.0,69.1,14.5,,37.7,315
05/05/19,02:00PM,05/05/19-02:00PM,9.0,1014.5,66.6,14.3,,36.6,335
05/05/19,03:00PM,05/05/19-03:00PM,8.7,1013.5,64.8,18.8,,37.2,296
05/05/19,04:00PM,05/05/19-04:00PM,9.6,1012.3,69.5,19.1,,36.0,344
05/05/19,05:00PM,05/05/19-05:00PM,9.0,1011.7,69.7,13.6,,35.6,311
05/05/19,06:00PM,05/05/19-06:00PM,10.0,1012.6,74.7,17.6,,37.3,311
05/05/19,07:00PM,05/05/19-07:00PM,9.0,1010.8,73.2,17.4,,35.2,319
05/05/19,08:00PM,05/05/19-08:00PM,9.8,1012.2,70.7,20.3,,32.2,295
05/05/19,09:00PM,05/05/19-09:00PM,7.3,1012.0,73.7,18.3,,33.3,353
05/05/19,10:00PM,05/05/19-10:00PM,10.0,1012.9,72.1,14.0,,30.9,4
05/05/19,11:00PM,05/05/19-11:00PM,9.7,1013.9,74.3,20.4,,31.1,301
